itemID|demandPrediction
1|21
2|8
3|7
4|4
5|21
6|5
7|19
8|17
9|3
10|11
11|18
12|17
13|3
14|19
15|1
16|4
17|17
18|7
19|5
20|0
21|9
22|14
23|12
24|15
25|12
26|96
27|281
28|15
29|265
30|4
31|7
32|6
33|6
34|27
35|105
36|0
37|0
38|7
39|1
40|3
41|1
42|12
43|1
44|12
45|18
46|12
47|3
48|14
49|12
50|2
51|2
52|18
53|15
54|15
55|16
56|13
57|0
58|55
59|0
60|6
61|16
62|9
63|1
64|4
65|23
66|4
67|12
68|18
69|14
70|0
71|0
72|7
73|19
74|18
75|165
76|0
77|1
78|15
79|71
80|11
81|2
82|18
83|4
84|3
85|3
86|6
87|127
88|1
89|0
90|14
91|1
92|177
93|3
94|0
95|6
96|15
97|13
98|6
99|1
100|13
101|10
102|9
103|3
104|17
105|113
106|12
107|179
108|15
109|13
110|2
111|102
112|3
113|11
114|274
115|220
116|1
117|2
118|7
119|0
120|16
121|12
122|15
123|11
124|4
125|194
126|161
127|1
128|16
129|9
130|14
131|2
132|3
133|18
134|4
135|9
136|290
137|14
138|4
139|2
140|75
141|7
142|0
143|5
144|0
145|1
146|161
147|138
148|5
149|3
150|1
151|21
152|3
153|10
154|5
155|0
156|3
157|0
158|3
159|8
160|4
161|15
162|8
163|16
164|135
165|47
166|3
167|3
168|132
169|3
170|135
171|164
172|11
173|13
174|238
175|16
176|16
177|12
178|2
179|0
180|7
181|5
182|11
183|21
184|13
185|16
186|30
187|11
188|8
189|15
190|5
191|19
192|5
193|5
194|5
195|7
196|5
197|3
198|1
199|2
200|1
201|131
202|17
203|6
204|90
205|15
206|17
207|14
208|11
209|16
210|198
211|91
212|12
213|11
214|11
215|14
216|3
217|16
218|10
219|13
220|82
221|173
222|22
223|11
224|9
225|6
226|3
227|5
228|12
229|0
230|19
231|1
232|14
233|12
234|5
235|19
236|18
237|16
238|1
239|15
240|4
241|16
242|7
243|1
244|2
245|0
246|0
247|3
248|1
249|5
250|1
251|4
252|5
253|1
254|4
255|1
256|0
257|24
258|225
259|2
260|3
261|3
262|15
263|3
264|2
265|0
266|0
267|0
268|66
269|21
270|7
271|17
272|17
273|2
274|140
275|3
276|0
277|1
278|15
279|5
280|14
281|11
282|13
283|118
284|4
285|57
286|23
287|8
288|19
289|19
290|15
291|3
292|14
293|0
294|150
295|9
296|18
297|12
298|2
299|2
300|5
301|5
302|17
303|88
304|0
305|1
306|4
307|12
308|14
309|5
310|33
311|2
312|2
313|2
314|0
315|19
316|10
317|0
318|8
319|1
320|68
321|72
322|0
323|17
324|14
325|12
326|5
327|14
328|12
329|0
330|2
331|115
332|11
333|133
334|3
335|4
336|12
337|14
338|3
339|6
340|3
341|10
342|2
343|207
344|4
345|4
346|11
347|16
348|12
349|2
350|6
351|75
352|1
353|0
354|156
355|13
356|5
357|82
358|151
359|139
360|8
361|11
362|12
363|15
364|7
365|0
366|4
367|5
368|5
369|4
370|10
371|8
372|16
373|14
374|2
375|4
376|9
377|5
378|15
379|19
380|20
381|9
382|22
383|52
384|2
385|9
386|143
387|8
388|20
389|4
390|6
391|3
392|85
393|102
394|55
395|0
396|11
397|0
398|14
399|6
400|13
401|2
402|1
403|2
404|0
405|2
406|7
407|1
408|13
409|11
410|1
411|1
412|0
413|0
414|1
415|0
416|1
417|3
418|5
419|3
420|16
421|12
422|94
423|9
424|7
425|5
426|51
427|87
428|13
429|8
430|0
431|1
432|17
433|15
434|3
435|21
436|18
437|13
438|5
439|10
440|3
441|146
442|3
443|7
444|5
445|7
446|4
447|3
448|118
449|6
450|15
451|12
452|11
453|16
454|15
455|2
456|12
457|2
458|5
459|10
460|57
461|58
462|2
463|2
464|11
465|47
466|92
467|38
468|1
469|6
470|145
471|300
472|0
473|5
474|1
475|14
476|3
477|258
478|5
479|4
480|1
481|6
482|2
483|0
484|9
485|3
486|21
487|20
488|13
489|9
490|6
491|10
492|3
493|4
494|15
495|12
496|14
497|49
498|0
499|56
500|2
501|45
502|54
503|3
504|114
505|9
506|1
507|84
508|12
509|152
510|184
511|6
512|4
513|5
514|4
515|4
516|76
517|16
518|159
519|6
520|26
521|6
522|10
523|25
524|3
525|22
526|13
527|1
528|3
529|14
530|11
531|5
532|3
533|2
534|3
535|13
536|13
537|1
538|2
539|2
540|9
541|6
542|70
543|5
544|141
545|12
546|11
547|1
548|0
549|0
550|0
551|0
552|1
553|1
554|2
555|166
556|15
557|8
558|0
559|2
560|6
561|1
562|11
563|14
564|12
565|5
566|0
567|5
568|15
569|10
570|12
571|68
572|1
573|95
574|5
575|5
576|35
577|12
578|127
579|12
580|6
581|44
582|71
583|4
584|126
585|178
586|2
587|0
588|16
589|1
590|5
591|2
592|4
593|179
594|4
595|17
596|19
597|22
598|6
599|7
600|159
601|13
602|235
603|9
604|1
605|4
606|10
607|3
608|3
609|17
610|14
611|2
612|20
613|10
614|5
615|13
616|135
617|196
618|224
619|8
620|9
621|3
622|2
623|6
624|5
625|11
626|31
627|2
628|123
629|81
630|4
631|80
632|17
633|128
634|5
635|8
636|334
637|118
638|1
639|12
640|13
641|4
642|15
643|7
644|6
645|3
646|4
647|9
648|79
649|8
650|18
651|15
652|5
653|3
654|3
655|2
656|4
657|3
658|5
659|25
660|5
661|6
662|4
663|0
664|0
665|3
666|124
667|18
668|0
669|3
670|12
671|2
672|65
673|124
674|15
675|11
676|10
677|9
678|5
679|198
680|217
681|2
682|8
683|13
684|13
685|12
686|14
687|13
688|15
689|9
690|4
691|4
692|5
693|8
694|5
695|7
696|12
697|2
698|8
699|1
700|6
701|2
702|15
703|15
704|15
705|5
706|230
707|11
708|7
709|194
710|12
711|0
712|1
713|3
714|12
715|5
716|7
717|3
718|9
719|15
720|5
721|6
722|7
723|10
724|8
725|29
726|4
727|67
728|2
729|1
730|3
731|9
732|2
733|3
734|3
735|3
736|1
737|1
738|3
739|3
740|3
741|1
742|3
743|3
744|2
745|3
746|0
747|0
748|0
749|22
750|0
751|3
752|1
753|1
754|1
755|0
756|0
757|0
758|0
759|7
760|163
761|5
762|4
763|4
764|23
765|20
766|272
767|6
768|17
769|7
770|2
771|0
772|1
773|0
774|0
775|2
776|1
777|4
778|3
779|7
780|0
781|12
782|3
783|15
784|4
785|64
786|208
787|14
788|16
789|15
790|198
791|11
792|14
793|3
794|4
795|1
796|0
797|14
798|14
799|3
800|2
801|21
802|15
803|124
804|8
805|15
806|14
807|8
808|3
809|57
810|8
811|3
812|8
813|5
814|77
815|135
816|3
817|4
818|1
819|9
820|1
821|3
822|12
823|5
824|16
825|20
826|15
827|19
828|1
829|100
830|9
831|6
832|6
833|9
834|165
835|5
836|12
837|1
838|2
839|12
840|2
841|2
842|4
843|0
844|0
845|0
846|159
847|14
848|5
849|12
850|5
851|30
852|6
853|2
854|104
855|4
856|17
857|14
858|395
859|146
860|160
861|15
862|7
863|6
864|0
865|4
866|0
867|8
868|1
869|12
870|1
871|3
872|0
873|1
874|0
875|4
876|14
877|11
878|10
879|16
880|10
881|9
882|2
883|9
884|5
885|2
886|12
887|1
888|0
889|1
890|8
891|8
892|5
893|0
894|1
895|1
896|4
897|1
898|1
899|2
900|5
901|54
902|0
903|3
904|2
905|3
906|0
907|1
908|61
909|17
910|0
911|2
912|1
913|13
914|16
915|5
916|3
917|5
918|2
919|5
920|4
921|0
922|10
923|11
924|0
925|5
926|5
927|3
928|173
929|15
930|2
931|13
932|12
933|14
934|13
935|122
936|4
937|8
938|11
939|11
940|11
941|11
942|13
943|282
944|12
945|4
946|18
947|4
948|1
949|1
950|9
951|4
952|8
953|1
954|4
955|0
956|1
957|1
958|3
959|2
960|0
961|19
962|0
963|2
964|42
965|2
966|2
967|4
968|12
969|3
970|2
971|3
972|13
973|8
974|12
975|0
976|4
977|3
978|0
979|4
980|12
981|4
982|3
983|0
984|0
985|6
986|7
987|4
988|1
989|1
990|0
991|1
992|1
993|1
994|14
995|13
996|13
997|3
998|8
999|4
1000|0
1001|1
1002|2
1003|7
1004|12
1005|1
1006|0
1007|1
1008|188
1009|79
1010|3
1011|1
1012|2
1013|1
1014|3
1015|1
1016|9
1017|3
1018|0
1019|10
1020|10
1021|107
1022|11
1023|2
1024|3
1025|3
1026|5
1027|4
1028|2
1029|11
1030|16
1031|10
1032|7
1033|3
1034|10
1035|89
1036|2
1037|16
1038|14
1039|8
1040|0
1041|3
1042|0
1043|10
1044|0
1045|0
1046|11
1047|1
1048|3
1049|4
1050|4
1051|3
1052|4
1053|131
1054|4
1055|2
1056|1
1057|1
1058|3
1059|2
1060|7
1061|76
1062|136
1063|3
1064|3
1065|5
1066|2
1067|7
1068|17
1069|130
1070|3
1071|3
1072|129
1073|2
1074|145
1075|0
1076|4
1077|1
1078|4
1079|1
1080|6
1081|1
1082|14
1083|17
1084|15
1085|6
1086|20
1087|6
1088|10
1089|5
1090|18
1091|11
1092|171
1093|4
1094|13
1095|12
1096|7
1097|1
1098|12
1099|16
1100|2
1101|6
1102|0
1103|4
1104|5
1105|13
1106|3
1107|18
1108|14
1109|4
1110|1
1111|1
1112|0
1113|1
1114|4
1115|4
1116|9
1117|91
1118|64
1119|1
1120|0
1121|1
1122|1
1123|4
1124|4
1125|2
1126|4
1127|2
1128|3
1129|4
1130|2
1131|8
1132|7
1133|13
1134|3
1135|3
1136|2
1137|104
1138|3
1139|14
1140|13
1141|16
1142|12
1143|14
1144|17
1145|104
1146|14
1147|23
1148|11
1149|13
1150|1
1151|8
1152|106
1153|6
1154|0
1155|1
1156|0
1157|1
1158|0
1159|5
1160|15
1161|0
1162|0
1163|1
1164|2
1165|1
1166|2
1167|2
1168|4
1169|3
1170|3
1171|2
1172|1
1173|3
1174|0
1175|3
1176|0
1177|103
1178|5
1179|6
1180|3
1181|6
1182|10
1183|0
1184|15
1185|1
1186|0
1187|0
1188|5
1189|5
1190|6
1191|7
1192|5
1193|18
1194|14
1195|0
1196|8
1197|2
1198|1
1199|15
1200|5
1201|1
1202|2
1203|8
1204|2
1205|3
1206|16
1207|0
1208|10
1209|3
1210|3
1211|5
1212|1
1213|1
1214|1
1215|1
1216|67
1217|1
1218|7
1219|3
1220|18
1221|3
1222|14
1223|6
1224|27
1225|21
1226|18
1227|14
1228|12
1229|17
1230|28
1231|15
1232|5
1233|17
1234|2
1235|16
1236|2
1237|10
1238|3
1239|19
1240|7
1241|11
1242|4
1243|5
1244|132
1245|14
1246|14
1247|14
1248|18
1249|5
1250|151
1251|2
1252|6
1253|9
1254|62
1255|3
1256|8
1257|85
1258|99
1259|4
1260|2
1261|1
1262|48
1263|35
1264|0
1265|2
1266|1
1267|1
1268|1
1269|5
1270|56
1271|0
1272|1
1273|10
1274|3
1275|3
1276|14
1277|7
1278|3
1279|10
1280|2
1281|8
1282|4
1283|9
1284|9
1285|3
1286|8
1287|8
1288|119
1289|3
1290|3
1291|181
1292|3
1293|3
1294|16
1295|12
1296|8
1297|5
1298|14
1299|3
1300|14
1301|20
1302|15
1303|6
1304|5
1305|7
1306|5
1307|10
1308|5
1309|10
1310|5
1311|0
1312|12
1313|18
1314|17
1315|16
1316|18
1317|2
1318|14
1319|13
1320|61
1321|1
1322|9
1323|12
1324|11
1325|126
1326|12
1327|7
1328|4
1329|16
1330|12
1331|6
1332|16
1333|11
1334|138
1335|30
1336|89
1337|118
1338|6
1339|9
1340|167
1341|13
1342|7
1343|117
1344|7
1345|101
1346|8
1347|254
1348|0
1349|13
1350|3
1351|1
1352|3
1353|110
1354|4
1355|6
1356|16
1357|3
1358|17
1359|3
1360|6
1361|19
1362|11
1363|6
1364|7
1365|3
1366|5
1367|13
1368|0
1369|5
1370|5
1371|8
1372|7
1373|4
1374|4
1375|7
1376|176
1377|3
1378|4
1379|82
1380|4
1381|6
1382|73
1383|4
1384|2
1385|0
1386|2
1387|1
1388|1
1389|1
1390|3
1391|2
1392|5
1393|3
1394|7
1395|2
1396|140
1397|3
1398|84
1399|46
1400|2
1401|0
1402|1
1403|3
1404|100
1405|100
1406|2
1407|65
1408|63
1409|0
1410|3
1411|2
1412|174
1413|42
1414|100
1415|59
1416|1
1417|42
1418|95
1419|1
1420|0
1421|0
1422|1
1423|1
1424|0
1425|4
1426|94
1427|5
1428|88
1429|77
1430|3
1431|1
1432|4
1433|0
1434|6
1435|7
1436|43
1437|0
1438|0
1439|1
1440|4
1441|0
1442|0
1443|6
1444|7
1445|4
1446|2
1447|9
1448|4
1449|7
1450|7
1451|4
1452|3
1453|9
1454|6
1455|5
1456|5
1457|4
1458|0
1459|1
1460|4
1461|0
1462|0
1463|0
1464|4
1465|0
1466|0
1467|1
1468|1
1469|140
1470|1
1471|2
1472|2
1473|2
1474|2
1475|5
1476|5
1477|15
1478|11
1479|3
1480|14
1481|20
1482|10
1483|8
1484|1
1485|3
1486|5
1487|5
1488|2
1489|0
1490|5
1491|2
1492|79
1493|1
1494|3
1495|3
1496|32
1497|5
1498|2
1499|55
1500|2
1501|94
1502|3
1503|7
1504|5
1505|0
1506|1
1507|7
1508|9
1509|5
1510|6
1511|8
1512|10
1513|16
1514|6
1515|211
1516|23
1517|0
1518|0
1519|1
1520|9
1521|1
1522|2
1523|3
1524|0
1525|8
1526|4
1527|6
1528|3
1529|5
1530|3
1531|2
1532|43
1533|14
1534|4
1535|2
1536|2
1537|3
1538|2
1539|2
1540|9
1541|7
1542|7
1543|6
1544|7
1545|5
1546|4
1547|12
1548|11
1549|5
1550|3
1551|5
1552|5
1553|57
1554|4
1555|4
1556|4
1557|4
1558|1
1559|5
1560|4
1561|94
1562|44
1563|1
1564|9
1565|86
1566|13
1567|35
1568|44
1569|117
1570|82
1571|170
1572|1
1573|53
1574|38
1575|1
1576|3
1577|132
1578|2
1579|119
1580|61
1581|49
1582|48
1583|115
1584|3
1585|2
1586|1
1587|3
1588|5
1589|80
1590|71
1591|76
1592|90
1593|2
1594|77
1595|64
1596|5
1597|82
1598|79
1599|81
1600|128
1601|80
1602|61
1603|100
1604|5
1605|5
1606|73
1607|59
1608|4
1609|3
1610|4
1611|105
1612|4
1613|18
1614|24
1615|2
1616|1
1617|2
1618|19
1619|36
1620|4
1621|88
1622|0
1623|0
1624|0
1625|28
1626|4
1627|3
1628|10
1629|4
1630|113
1631|2
1632|1
1633|1
1634|0
1635|5
1636|32
1637|3
1638|104
1639|60
1640|1
1641|78
1642|104
1643|6
1644|102
1645|88
1646|81
1647|45
1648|51
1649|58
1650|71
1651|79
1652|0
1653|58
1654|60
1655|82
1656|65
1657|38
1658|54
1659|51
1660|63
1661|61
1662|65
1663|53
1664|0
1665|163
1666|118
1667|74
1668|0
1669|37
1670|173
1671|1
1672|0
1673|3
1674|3
1675|3
1676|4
1677|3
1678|2
1679|2
1680|3
1681|2
1682|3
1683|157
1684|3
1685|21
1686|3
1687|2
1688|3
1689|171
1690|3
1691|5
1692|4
1693|5
1694|7
1695|6
1696|4
1697|3
1698|4
1699|3
1700|9
1701|3
1702|4
1703|4
1704|4
1705|4
1706|5
1707|3
1708|4
1709|4
1710|94
1711|117
1712|111
1713|114
1714|97
1715|113
1716|105
1717|0
1718|0
1719|95
1720|85
1721|118
1722|0
1723|0
1724|0
1725|1
1726|15
1727|0
1728|0
1729|0
1730|2
1731|2
1732|1
1733|0
1734|0
1735|0
1736|25
1737|0
1738|23
1739|18
1740|0
1741|0
1742|77
1743|82
1744|59
1745|0
1746|86
1747|0
1748|54
1749|89
1750|103
1751|93
1752|86
1753|0
1754|0
1755|0
1756|54
1757|37
1758|41
1759|0
1760|39
1761|92
1762|0
1763|68
1764|0
1765|68
1766|0
1767|58
1768|3
1769|22
1770|1
1771|1
1772|0
1773|0
1774|1
1775|2
1776|4
1777|3
1778|2
1779|88
1780|97
1781|18
1782|0
1783|2
1784|2
1785|2
1786|2
1787|37
1788|41
1789|0
1790|42
1791|43
1792|0
1793|0
1794|0
1795|0
1796|129
1797|86
1798|86
1799|0
1800|138
1801|0
1802|104
1803|0
1804|143
1805|0
1806|4
1807|14
1808|7
1809|10
1810|8
1811|8
1812|10
1813|10
1814|2
1815|98
1816|3
1817|1
1818|103
1819|120
1820|5
1821|137
1822|14
1823|171
1824|13
1825|13
1826|14
1827|3
1828|6
1829|70
1830|12
1831|5
1832|5
1833|3
1834|76
1835|6
1836|72
1837|86
1838|4
1839|92
1840|9
1841|6
1842|7
1843|4
1844|92
1845|78
1846|5
1847|88
1848|6
1849|84
1850|81
1851|4
1852|18
1853|5
1854|14
1855|8
1856|12
1857|13
1858|11
1859|20
1860|12
1861|17
1862|15
1863|12
1864|7
1865|7
1866|11
1867|8
1868|8
1869|7
1870|6
1871|6
1872|4
1873|16
1874|14
1875|10
1876|14
1877|113
1878|131
1879|138
1880|82
1881|14
1882|12
1883|3
1884|11
1885|16
1886|2
1887|216
1888|1
1889|8
1890|9
1891|8
1892|13
1893|2
1894|6
1895|217
1896|5
1897|7
1898|11
1899|6
1900|9
1901|6
1902|12
1903|4
1904|14
1905|9
1906|6
1907|7
1908|7
1909|9
1910|149
1911|11
1912|5
1913|7
1914|13
1915|11
1916|12
1917|12
1918|3
1919|13
1920|14
1921|229
1922|11
1923|13
1924|1
1925|10
1926|6
1927|3
1928|8
1929|8
1930|98
1931|261
1932|131
1933|105
1934|167
1935|4
1936|3
1937|108
1938|151
1939|134
1940|221
1941|87
1942|135
1943|0
1944|7
1945|10
1946|12
1947|14
1948|1
1949|11
1950|7
1951|2
1952|3
1953|7
1954|12
1955|12
1956|4
1957|8
1958|7
1959|4
1960|4
1961|4
1962|14
1963|12
1964|8
1965|7
1966|14
1967|16
1968|12
1969|18
1970|15
1971|15
1972|15
1973|3
1974|13
1975|10
1976|10
1977|8
1978|4
1979|7
1980|10
1981|108
1982|4
1983|11
1984|5
1985|13
1986|274
1987|2
1988|7
1989|3
1990|262
1991|135
1992|7
1993|5
1994|7
1995|3
1996|7
1997|3
1998|19
1999|16
2000|17
2001|18
2002|14
2003|11
2004|10
2005|11
2006|12
2007|15
2008|11
2009|4
2010|200
2011|14
2012|12
2013|12
2014|11
2015|0
2016|17
2017|17
2018|6
2019|6
2020|10
2021|233
2022|163
2023|18
2024|12
2025|147
2026|103
2027|6
2028|11
2029|5
2030|15
2031|16
2032|16
2033|13
2034|18
2035|14
2036|112
2037|10
2038|9
2039|16
2040|95
2041|17
2042|20
2043|14
2044|104
2045|7
2046|7
2047|12
2048|19
2049|17
2050|12
2051|209
2052|19
2053|13
2054|13
2055|12
2056|11
2057|12
2058|6
2059|14
2060|4
2061|12
2062|12
2063|1
2064|127
2065|11
2066|11
2067|11
2068|15
2069|7
2070|14
2071|12
2072|18
2073|122
2074|12
2075|11
2076|11
2077|13
2078|10
2079|13
2080|10
2081|13
2082|12
2083|10
2084|3
2085|6
2086|23
2087|13
2088|10
2089|12
2090|4
2091|3
2092|108
2093|15
2094|181
2095|25
2096|104
2097|16
2098|197
2099|15
2100|138
2101|15
2102|177
2103|15
2104|12
2105|10
2106|15
2107|18
2108|15
2109|23
2110|9
2111|137
2112|10
2113|11
2114|11
2115|12
2116|12
2117|11
2118|11
2119|10
2120|12
2121|14
2122|4
2123|3
2124|3
2125|1
2126|8
2127|10
2128|5
2129|4
2130|7
2131|7
2132|141
2133|13
2134|12
2135|27
2136|193
2137|13
2138|14
2139|6
2140|15
2141|13
2142|14
2143|5
2144|18
2145|12
2146|15
2147|89
2148|8
2149|5
2150|5
2151|15
2152|10
2153|16
2154|138
2155|145
2156|168
2157|17
2158|5
2159|2
2160|4
2161|8
2162|4
2163|4
2164|2
2165|5
2166|43
2167|49
2168|2
2169|126
2170|157
2171|7
2172|10
2173|16
2174|1
2175|20
2176|12
2177|2
2178|122
2179|12
2180|184
2181|11
2182|178
2183|3
2184|7
2185|4
2186|6
2187|7
2188|6
2189|2
2190|7
2191|4
2192|17
2193|17
2194|6
2195|11
2196|162
2197|6
2198|18
2199|11
2200|5
2201|13
2202|8
2203|229
2204|18
2205|6
2206|13
2207|11
2208|4
2209|3
2210|209
2211|4
2212|9
2213|8
2214|104
2215|13
2216|115
2217|16
2218|172
2219|12
2220|15
2221|17
2222|14
2223|17
2224|15
2225|15
2226|9
2227|14
2228|15
2229|17
2230|16
2231|8
2232|5
2233|15
2234|12
2235|16
2236|4
2237|14
2238|10
2239|10
2240|13
2241|6
2242|4
2243|4
2244|10
2245|16
2246|4
2247|4
2248|5
2249|10
2250|14
2251|19
2252|4
2253|13
2254|12
2255|4
2256|12
2257|8
2258|114
2259|13
2260|12
2261|5
2262|3
2263|12
2264|16
2265|13
2266|7
2267|13
2268|7
2269|10
2270|4
2271|10
2272|13
2273|13
2274|3
2275|13
2276|10
2277|11
2278|2
2279|3
2280|10
2281|11
2282|12
2283|12
2284|13
2285|5
2286|105
2287|4
2288|4
2289|7
2290|13
2291|5
2292|10
2293|3
2294|4
2295|6
2296|3
2297|3
2298|1
2299|17
2300|17
2301|5
2302|16
2303|14
2304|1
2305|3
2306|9
2307|1
2308|99
2309|54
2310|2
2311|2
2312|3
2313|4
2314|1
2315|2
2316|6
2317|7
2318|4
2319|6
2320|2
2321|3
2322|6
2323|18
2324|15
2325|16
2326|17
2327|12
2328|16
2329|16
2330|3
2331|14
2332|23
2333|5
2334|16
2335|18
2336|24
2337|19
2338|15
2339|16
2340|16
2341|0
2342|10
2343|8
2344|16
2345|150
2346|3
2347|11
2348|12
2349|11
2350|39
2351|4
2352|11
2353|15
2354|16
2355|13
2356|16
2357|133
2358|10
2359|167
2360|149
2361|71
2362|8
2363|12
2364|14
2365|78
2366|15
2367|6
2368|101
2369|12
2370|17
2371|10
2372|38
2373|7
2374|17
2375|10
2376|10
2377|12
2378|6
2379|12
2380|14
2381|15
2382|11
2383|7
2384|8
2385|7
2386|6
2387|4
2388|1
2389|3
2390|1
2391|8
2392|5
2393|4
2394|3
2395|5
2396|2
2397|2
2398|188
2399|5
2400|3
2401|8
2402|5
2403|4
2404|13
2405|15
2406|13
2407|14
2408|16
2409|13
2410|14
2411|4
2412|7
2413|4
2414|4
2415|4
2416|8
2417|1
2418|6
2419|4
2420|4
2421|1
2422|4
2423|12
2424|10
2425|0
2426|8
2427|1
2428|3
2429|5
2430|3
2431|3
2432|4
2433|11
2434|14
2435|11
2436|12
2437|6
2438|5
2439|4
2440|5
2441|4
2442|18
2443|7
2444|10
2445|3
2446|10
2447|10
2448|10
2449|14
2450|12
2451|14
2452|16
2453|15
2454|14
2455|5
2456|8
2457|3
2458|14
2459|15
2460|2
2461|15
2462|6
2463|3
2464|16
2465|3
2466|16
2467|3
2468|10
2469|2
2470|2
2471|16
2472|14
2473|2
2474|1
2475|14
2476|21
2477|12
2478|16
2479|10
2480|17
2481|6
2482|15
2483|10
2484|11
2485|12
2486|8
2487|5
2488|11
2489|16
2490|88
2491|11
2492|0
2493|3
2494|68
2495|55
2496|42
2497|13
2498|17
2499|13
2500|13
2501|123
2502|52
2503|2
2504|1
2505|12
2506|14
2507|1
2508|4
2509|1
2510|6
2511|0
2512|14
2513|4
2514|14
2515|4
2516|11
2517|14
2518|14
2519|101
2520|15
2521|140
2522|16
2523|4
2524|12
2525|11
2526|12
2527|9
2528|10
2529|4
2530|0
2531|3
2532|4
2533|3
2534|14
2535|2
2536|10
2537|2
2538|5
2539|9
2540|11
2541|11
2542|14
2543|5
2544|1
2545|5
2546|3
2547|1
2548|8
2549|3
2550|2
2551|6
2552|1
2553|4
2554|7
2555|10
2556|11
2557|10
2558|9
2559|1
2560|4
2561|2
2562|2
2563|1
2564|4
2565|10
2566|4
2567|12
2568|138
2569|18
2570|8
2571|12
2572|114
2573|6
2574|8
2575|34
2576|7
2577|10
2578|7
2579|1
2580|14
2581|14
2582|14
2583|162
2584|112
2585|15
2586|7
2587|7
2588|13
2589|2
2590|10
2591|9
2592|18
2593|1
2594|6
2595|1
2596|5
2597|2
2598|1
2599|37
2600|7
2601|6
2602|6
2603|11
2604|122
2605|12
2606|1
2607|163
2608|6
2609|2
2610|6
2611|6
2612|6
2613|4
2614|243
2615|4
2616|3
2617|5
2618|7
2619|170
2620|8
2621|155
2622|10
2623|3
2624|4
2625|115
2626|176
2627|6
2628|5
2629|106
2630|5
2631|134
2632|10
2633|13
2634|15
2635|12
2636|15
2637|29
2638|12
2639|4
2640|178
2641|14
2642|15
2643|0
2644|14
2645|14
2646|12
2647|14
2648|14
2649|15
2650|14
2651|15
2652|16
2653|17
2654|14
2655|16
2656|16
2657|16
2658|16
2659|15
2660|4
2661|270
2662|15
2663|16
2664|17
2665|17
2666|11
2667|12
2668|13
2669|4
2670|6
2671|19
2672|12
2673|8
2674|14
2675|15
2676|15
2677|18
2678|12
2679|13
2680|19
2681|13
2682|13
2683|11
2684|213
2685|13
2686|8
2687|4
2688|2
2689|13
2690|1
2691|8
2692|1
2693|1
2694|2
2695|3
2696|2
2697|0
2698|1
2699|2
2700|1
2701|2
2702|1
2703|4
2704|2
2705|0
2706|1
2707|16
2708|3
2709|18
2710|13
2711|223
2712|3
2713|179
2714|10
2715|4
2716|2
2717|1
2718|69
2719|12
2720|3
2721|13
2722|13
2723|15
2724|14
2725|4
2726|13
2727|15
2728|1
2729|2
2730|2
2731|4
2732|15
2733|7
2734|7
2735|3
2736|5
2737|10
2738|12
2739|4
2740|111
2741|11
2742|14
2743|9
2744|8
2745|8
2746|15
2747|11
2748|6
2749|6
2750|18
2751|15
2752|9
2753|10
2754|12
2755|12
2756|12
2757|85
2758|4
2759|7
2760|2
2761|14
2762|4
2763|15
2764|150
2765|154
2766|11
2767|6
2768|3
2769|123
2770|16
2771|107
2772|1
2773|117
2774|144
2775|9
2776|14
2777|14
2778|9
2779|3
2780|2
2781|4
2782|3
2783|2
2784|2
2785|11
2786|2
2787|1
2788|2
2789|4
2790|9
2791|0
2792|1
2793|1
2794|3
2795|4
2796|3
2797|3
2798|10
2799|11
2800|112
2801|6
2802|5
2803|100
2804|1
2805|12
2806|10
2807|0
2808|3
2809|0
2810|11
2811|3
2812|0
2813|3
2814|9
2815|5
2816|1
2817|9
2818|3
2819|6
2820|5
2821|6
2822|168
2823|10
2824|3
2825|1
2826|1
2827|2
2828|4
2829|1
2830|9
2831|29
2832|1
2833|3
2834|2
2835|3
2836|3
2837|1
2838|2
2839|1
2840|0
2841|8
2842|2
2843|2
2844|1
2845|2
2846|2
2847|0
2848|1
2849|2
2850|2
2851|2
2852|1
2853|15
2854|12
2855|119
2856|181
2857|9
2858|14
2859|156
2860|112
2861|4
2862|5
2863|10
2864|4
2865|84
2866|3
2867|4
2868|7
2869|76
2870|4
2871|70
2872|4
2873|3
2874|4
2875|3
2876|79
2877|7
2878|3
2879|13
2880|10
2881|12
2882|149
2883|8
2884|12
2885|5
2886|15
2887|9
2888|5
2889|77
2890|85
2891|11
2892|101
2893|3
2894|10
2895|6
2896|9
2897|5
2898|9
2899|104
2900|88
2901|10
2902|6
2903|9
2904|94
2905|10
2906|195
2907|101
2908|98
2909|7
2910|3
2911|6
2912|4
2913|1
2914|3
2915|4
2916|5
2917|2
2918|5
2919|7
2920|88
2921|250
2922|7
2923|0
2924|6
2925|8
2926|7
2927|7
2928|37
2929|14
2930|8
2931|189
2932|20
2933|12
2934|28
2935|17
2936|9
2937|9
2938|137
2939|219
2940|7
2941|3
2942|2
2943|0
2944|0
2945|2
2946|87
2947|159
2948|0
2949|0
2950|0
2951|0
2952|0
2953|4
2954|9
2955|10
2956|9
2957|7
2958|0
2959|4
2960|0
2961|10
2962|11
2963|10
2964|4
2965|10
2966|0
2967|3
2968|10
2969|7
2970|1
2971|10
2972|9
2973|11
2974|1
2975|9
2976|3
2977|9
2978|6
2979|1
2980|9
2981|6
2982|11
2983|10
2984|1
2985|10
2986|5
2987|11
2988|6
2989|3
2990|0
2991|7
2992|11
2993|0
2994|3
2995|7
2996|2
2997|13
2998|11
2999|4
3000|9
3001|9
3002|10
3003|3
3004|11
3005|10
3006|11
3007|0
3008|10
3009|9
3010|12
3011|9
3012|10
3013|10
3014|11
3015|12
3016|11
3017|11
3018|10
3019|15
3020|2
3021|3
3022|11
3023|11
3024|10
3025|10
3026|9
3027|0
3028|10
3029|13
3030|10
3031|11
3032|1
3033|11
3034|10
3035|10
3036|9
3037|4
3038|11
3039|9
3040|4
3041|3
3042|1
3043|8
3044|11
3045|11
3046|10
3047|10
3048|4
3049|11
3050|9
3051|11
3052|4
3053|10
3054|12
3055|3
3056|11
3057|10
3058|11
3059|10
3060|4
3061|10
3062|3
3063|1
3064|0
3065|4
3066|7
3067|10
3068|11
3069|0
3070|11
3071|11
3072|3
3073|10
3074|4
3075|13
3076|1
3077|1
3078|11
3079|4
3080|1
3081|0
3082|9
3083|13
3084|0
3085|3
3086|0
3087|2
3088|4
3089|0
3090|48
3091|5
3092|1
3093|2
3094|2
3095|73
3096|1
3097|0
3098|1
3099|2
3100|13
3101|6
3102|0
3103|6
3104|63
3105|3
3106|1
3107|3
3108|3
3109|3
3110|1
3111|1
3112|2
3113|13
3114|1
3115|1
3116|13
3117|1
3118|4
3119|1
3120|33
3121|2
3122|1
3123|0
3124|1
3125|5
3126|74
3127|141
3128|10
3129|83
3130|7
3131|2
3132|88
3133|4
3134|64
3135|69
3136|115
3137|5
3138|7
3139|11
3140|114
3141|11
3142|11
3143|151
3144|4
3145|13
3146|4
3147|4
3148|116
3149|65
3150|2
3151|98
3152|5
3153|11
3154|12
3155|16
3156|14
3157|14
3158|13
3159|4
3160|10
3161|4
3162|12
3163|7
3164|16
3165|15
3166|10
3167|6
3168|73
3169|5
3170|71
3171|4
3172|5
3173|8
3174|3
3175|10
3176|62
3177|8
3178|0
3179|5
3180|9
3181|5
3182|7
3183|4
3184|5
3185|62
3186|47
3187|5
3188|9
3189|10
3190|7
3191|5
3192|3
3193|11
3194|6
3195|6
3196|6
3197|7
3198|10
3199|3
3200|4
3201|4
3202|3
3203|4
3204|1
3205|6
3206|3
3207|6
3208|4
3209|12
3210|6
3211|4
3212|2
3213|12
3214|7
3215|77
3216|10
3217|13
3218|10
3219|3
3220|4
3221|1
3222|16
3223|9
3224|13
3225|177
3226|3
3227|5
3228|4
3229|2
3230|10
3231|4
3232|4
3233|4
3234|6
3235|10
3236|11
3237|14
3238|4
3239|1
3240|8
3241|1
3242|2
3243|4
3244|10
3245|3
3246|5
3247|9
3248|13
3249|10
3250|9
3251|5
3252|180
3253|5
3254|10
3255|17
3256|12
3257|4
3258|3
3259|15
3260|11
3261|9
3262|134
3263|10
3264|15
3265|166
3266|10
3267|11
3268|14
3269|15
3270|9
3271|12
3272|4
3273|3
3274|10
3275|11
3276|7
3277|15
3278|2
3279|8
3280|3
3281|4
3282|2
3283|7
3284|7
3285|89
3286|55
3287|12
3288|136
3289|18
3290|12
3291|147
3292|81
3293|8
3294|69
3295|16
3296|6
3297|0
3298|5
3299|144
3300|148
3301|14
3302|8
3303|19
3304|106
3305|15
3306|12
3307|147
3308|1
3309|87
3310|2
3311|1
3312|144
3313|70
3314|98
3315|4
3316|5
3317|12
3318|109
3319|103
3320|1
3321|121
3322|11
3323|86
3324|15
3325|3
3326|96
3327|8
3328|15
3329|94
3330|9
3331|95
3332|133
3333|152
3334|6
3335|127
3336|180
3337|101
3338|13
3339|8
3340|9
3341|11
3342|9
3343|81
3344|9
3345|193
3346|4
3347|15
3348|120
3349|124
3350|104
3351|117
3352|34
3353|100
3354|115
3355|124
3356|146
3357|150
3358|154
3359|125
3360|126
3361|14
3362|93
3363|7
3364|102
3365|1
3366|85
3367|10
3368|137
3369|101
3370|10
3371|4
3372|11
3373|10
3374|123
3375|116
3376|82
3377|70
3378|8
3379|9
3380|80
3381|9
3382|86
3383|8
3384|56
3385|7
3386|69
3387|4
3388|5
3389|14
3390|2
3391|4
3392|4
3393|9
3394|117
3395|10
3396|75
3397|4
3398|110
3399|2
3400|4
3401|4
3402|4
3403|3
3404|6
3405|155
3406|7
3407|4
3408|8
3409|3
3410|9
3411|3
3412|11
3413|51
3414|80
3415|4
3416|80
3417|5
3418|52
3419|185
3420|163
3421|82
3422|6
3423|8
3424|5
3425|111
3426|8
3427|4
3428|6
3429|4
3430|8
3431|7
3432|86
3433|13
3434|4
3435|12
3436|17
3437|12
3438|9
3439|10
3440|160
3441|6
3442|7
3443|182
3444|112
3445|8
3446|7
3447|4
3448|4
3449|107
3450|10
3451|4
3452|10
3453|4
3454|115
3455|2
3456|3
3457|11
3458|12
3459|2
3460|10
3461|1
3462|13
3463|12
3464|6
3465|14
3466|7
3467|14
3468|1
3469|2
3470|10
3471|7
3472|101
3473|9
3474|105
3475|11
3476|13
3477|143
3478|5
3479|11
3480|11
3481|4
3482|4
3483|10
3484|17
3485|90
3486|159
3487|6
3488|10
3489|2
3490|12
3491|3
3492|10
3493|67
3494|102
3495|95
3496|104
3497|13
3498|142
3499|11
3500|11
3501|10
3502|3
3503|10
3504|3
3505|4
3506|9
3507|7
3508|11
3509|5
3510|12
3511|9
3512|105
3513|116
3514|2
3515|4
3516|10
3517|123
3518|6
3519|5
3520|3
3521|10
3522|12
3523|8
3524|67
3525|120
3526|74
3527|10
3528|114
3529|5
3530|4
3531|3
3532|6
3533|6
3534|10
3535|67
3536|8
3537|9
3538|166
3539|15
3540|9
3541|88
3542|4
3543|3
3544|7
3545|8
3546|4
3547|4
3548|10
3549|7
3550|4
3551|6
3552|11
3553|4
3554|9
3555|6
3556|5
3557|3
3558|135
3559|7
3560|82
3561|12
3562|11
3563|179
3564|4
3565|92
3566|8
3567|110
3568|11
3569|11
3570|11
3571|11
3572|11
3573|2
3574|15
3575|139
3576|5
3577|15
3578|9
3579|13
3580|15
3581|5
3582|1
3583|8
3584|19
3585|6
3586|79
3587|5
3588|97
3589|2
3590|1
3591|7
3592|2
3593|2
3594|12
3595|6
3596|3
3597|10
3598|130
3599|7
3600|93
3601|117
3602|9
3603|10
3604|7
3605|8
3606|144
3607|10
3608|15
3609|4
3610|8
3611|2
3612|6
3613|4
3614|4
3615|5
3616|12
3617|10
3618|16
3619|7
3620|3
3621|1
3622|140
3623|5
3624|15
3625|6
3626|3
3627|8
3628|149
3629|141
3630|5
3631|11
3632|19
3633|2
3634|4
3635|10
3636|10
3637|98
3638|10
3639|5
3640|11
3641|11
3642|4
3643|65
3644|131
3645|100
3646|91
3647|105
3648|15
3649|94
3650|102
3651|12
3652|100
3653|93
3654|16
3655|79
3656|100
3657|112
3658|119
3659|89
3660|96
3661|126
3662|62
3663|8
3664|7
3665|76
3666|88
3667|28
3668|10
3669|12
3670|95
3671|69
3672|20
3673|120
3674|97
3675|79
3676|5
3677|5
3678|72
3679|67
3680|10
3681|2
3682|104
3683|141
3684|3
3685|105
3686|8
3687|77
3688|14
3689|15
3690|67
3691|11
3692|15
3693|113
3694|2
3695|6
3696|11
3697|8
3698|7
3699|10
3700|3
3701|4
3702|6
3703|8
3704|9
3705|10
3706|2
3707|11
3708|4
3709|9
3710|5
3711|4
3712|6
3713|3
3714|6
3715|2
3716|9
3717|3
3718|13
3719|4
3720|8
3721|9
3722|4
3723|5
3724|2
3725|7
3726|6
3727|3
3728|12
3729|152
3730|72
3731|4
3732|3
3733|154
3734|101
3735|6
3736|98
3737|97
3738|6
3739|73
3740|14
3741|4
3742|10
3743|13
3744|17
3745|108
3746|88
3747|10
3748|79
3749|6
3750|6
3751|17
3752|129
3753|8
3754|12
3755|8
3756|13
3757|5
3758|92
3759|6
3760|5
3761|5
3762|6
3763|12
3764|4
3765|113
3766|4
3767|6
3768|6
3769|5
3770|8
3771|18
3772|1
3773|7
3774|9
3775|96
3776|5
3777|144
3778|112
3779|81
3780|10
3781|5
3782|79
3783|7
3784|5
3785|4
3786|123
3787|2
3788|6
3789|4
3790|1
3791|121
3792|114
3793|3
3794|85
3795|10
3796|20
3797|3
3798|100
3799|114
3800|5
3801|129
3802|162
3803|5
3804|2
3805|4
3806|8
3807|3
3808|102
3809|80
3810|2
3811|12
3812|12
3813|11
3814|8
3815|17
3816|3
3817|6
3818|2
3819|10
3820|5
3821|17
3822|7
3823|70
3824|9
3825|12
3826|7
3827|10
3828|3
3829|9
3830|77
3831|8
3832|11
3833|85
3834|5
3835|84
3836|6
3837|7
3838|6
3839|7
3840|13
3841|3
3842|10
3843|4
3844|7
3845|4
3846|3
3847|7
3848|4
3849|102
3850|97
3851|15
3852|4
3853|8
3854|7
3855|8
3856|80
3857|79
3858|2
3859|156
3860|2
3861|120
3862|4
3863|93
3864|9
3865|9
3866|115
3867|0
3868|127
3869|115
3870|144
3871|113
3872|8
3873|2
3874|116
3875|12
3876|11
3877|24
3878|6
3879|131
3880|10
3881|5
3882|4
3883|130
3884|132
3885|140
3886|128
3887|10
3888|134
3889|12
3890|2
3891|61
3892|57
3893|7
3894|94
3895|85
3896|12
3897|15
3898|4
3899|11
3900|10
3901|10
3902|9
3903|11
3904|7
3905|11
3906|115
3907|9
3908|13
3909|11
3910|13
3911|6
3912|5
3913|5
3914|125
3915|13
3916|6
3917|142
3918|7
3919|9
3920|6
3921|11
3922|14
3923|90
3924|13
3925|11
3926|8
3927|87
3928|3
3929|73
3930|76
3931|2
3932|65
3933|4
3934|3
3935|2
3936|5
3937|76
3938|3
3939|110
3940|74
3941|9
3942|13
3943|105
3944|2
3945|2
3946|3
3947|5
3948|3
3949|1
3950|13
3951|3
3952|3
3953|95
3954|2
3955|117
3956|2
3957|4
3958|69
3959|2
3960|3
3961|4
3962|155
3963|3
3964|108
3965|84
3966|81
3967|8
3968|5
3969|8
3970|85
3971|9
3972|130
3973|88
3974|7
3975|3
3976|126
3977|119
3978|10
3979|14
3980|3
3981|9
3982|13
3983|124
3984|133
3985|108
3986|4
3987|107
3988|92
3989|5
3990|5
3991|81
3992|5
3993|4
3994|12
3995|11
3996|60
3997|5
3998|8
3999|116
4000|3
4001|109
4002|78
4003|80
4004|10
4005|8
4006|168
4007|5
4008|3
4009|115
4010|1
4011|7
4012|65
4013|5
4014|8
4015|5
4016|8
4017|5
4018|7
4019|8
4020|4
4021|7
4022|13
4023|5
4024|1
4025|7
4026|9
4027|13
4028|5
4029|5
4030|71
4031|2
4032|80
4033|89
4034|4
4035|6
4036|70
4037|10
4038|86
4039|14
4040|9
4041|8
4042|128
4043|5
4044|103
4045|7
4046|8
4047|5
4048|13
4049|70
4050|5
4051|4
4052|85
4053|72
4054|6
4055|5
4056|104
4057|8
4058|7
4059|5
4060|7
4061|92
4062|76
4063|100
4064|6
4065|6
4066|6
4067|88
4068|8
4069|85
4070|107
4071|6
4072|88
4073|8
4074|9
4075|4
4076|87
4077|79
4078|92
4079|9
4080|5
4081|3
4082|8
4083|6
4084|99
4085|4
4086|113
4087|9
4088|186
4089|113
4090|0
4091|201
4092|118
4093|136
4094|109
4095|110
4096|14
4097|108
4098|167
4099|114
4100|108
4101|120
4102|0
4103|121
4104|221
4105|156
4106|107
4107|109
4108|112
4109|0
4110|114
4111|115
4112|166
4113|107
4114|129
4115|112
4116|113
4117|113
4118|112
4119|15
4120|101
4121|179
4122|105
4123|14
4124|193
4125|10
4126|110
4127|102
4128|100
4129|107
4130|115
4131|103
4132|116
4133|147
4134|103
4135|107
4136|121
4137|115
4138|149
4139|106
4140|105
4141|102
4142|126
4143|99
4144|118
4145|130
4146|102
4147|104
4148|1
4149|119
4150|99
4151|109
4152|102
4153|99
4154|6
4155|76
4156|6
4157|5
4158|75
4159|9
4160|83
4161|5
4162|5
4163|4
4164|8
4165|5
4166|78
4167|6
4168|14
4169|96
4170|224
4171|8
4172|8
4173|7
4174|1
4175|119
4176|116
4177|124
4178|116
4179|115
4180|130
4181|8
4182|110
4183|141
4184|7
4185|118
4186|5
4187|120
4188|7
4189|0
4190|7
4191|5
4192|3
4193|110
4194|83
4195|0
4196|7
4197|7
4198|13
4199|4
4200|85
4201|0
4202|0
4203|0
4204|0
4205|0
4206|45
4207|11
4208|13
4209|32
4210|16
4211|26
4212|17
4213|21
4214|19
4215|21
4216|19
4217|2
4218|13
4219|457
4220|16
4221|341
4222|15
4223|237
4224|13
4225|688
4226|26
4227|578
4228|37
4229|25
4230|18
4231|211
4232|27
4233|35
4234|22
4235|6
4236|6
4237|8
4238|10
4239|294
4240|425
4241|194
4242|561
4243|38
4244|26
4245|426
4246|335
4247|4
4248|7
4249|13
4250|36
4251|4
4252|2
4253|4
4254|11
4255|7
4256|9
4257|21
4258|10
4259|11
4260|425
4261|385
4262|158
4263|6
4264|35
4265|26
4266|25
4267|13
4268|17
4269|9
4270|16
4271|21
4272|21
4273|8
4274|25
4275|14
4276|6
4277|10
4278|11
4279|14
4280|21
4281|23
4282|22
4283|13
4284|28
4285|22
4286|9
4287|7
4288|11
4289|16
4290|16
4291|416
4292|14
4293|990
4294|23
4295|8
4296|11
4297|552
4298|6
4299|10
4300|6
4301|41
4302|3
4303|9
4304|283
4305|5
4306|23
4307|8
4308|17
4309|363
4310|11
4311|221
4312|3
4313|4
4314|3
4315|6
4316|10
4317|12
4318|28
4319|3
4320|13
4321|5
4322|7
4323|4
4324|13
4325|245
4326|9
4327|32
4328|33
4329|1
4330|13
4331|65
4332|350
4333|284
4334|10
4335|18
4336|11
4337|20
4338|21
4339|5
4340|4
4341|12
4342|14
4343|7
4344|8
4345|13
4346|4
4347|8
4348|19
4349|18
4350|27
4351|6
4352|14
4353|19
4354|285
4355|3
4356|3
4357|31
4358|8
4359|13
4360|267
4361|18
4362|3
4363|16
4364|8
4365|9
4366|3
4367|4
4368|12
4369|24
4370|8
4371|5
4372|10
4373|6
4374|13
4375|5
4376|2
4377|19
4378|298
4379|9
4380|6
4381|26
4382|465
4383|21
4384|10
4385|18
4386|5
4387|6
4388|19
4389|317
4390|10
4391|16
4392|29
4393|10
4394|4
4395|13
4396|17
4397|18
4398|17
4399|4
4400|7
4401|3
4402|5
4403|4
4404|14
4405|184
4406|14
4407|5
4408|2
4409|184
4410|118
4411|5
4412|14
4413|5
4414|3
4415|13
4416|13
4417|235
4418|18
4419|2
4420|20
4421|15
4422|14
4423|1
4424|13
4425|15
4426|53
4427|9
4428|7
4429|11
4430|11
4431|30
4432|5
4433|9
4434|24
4435|10
4436|169
4437|2
4438|2
4439|1
4440|2
4441|2
4442|21
4443|2
4444|4
4445|6
4446|3
4447|35
4448|3
4449|2
4450|1
4451|6
4452|11
4453|19
4454|7
4455|12
4456|6
4457|13
4458|9
4459|408
4460|12
4461|11
4462|3
4463|137
4464|10
4465|10
4466|21
4467|6
4468|5
4469|10
4470|2
4471|5
4472|3
4473|3
4474|18
4475|1
4476|0
4477|5
4478|11
4479|16
4480|25
4481|15
4482|7
4483|10
4484|5
4485|13
4486|5
4487|2
4488|474
4489|8
4490|24
4491|6
4492|8
4493|0
4494|567
4495|20
4496|24
4497|3
4498|1
4499|7
4500|17
4501|1
4502|0
4503|1
4504|1
4505|0
4506|3
4507|14
4508|5
4509|472
4510|18
4511|7
4512|6
4513|8
4514|10
4515|24
4516|2
4517|23
4518|27
4519|4
4520|2
4521|13
4522|4
4523|73
4524|44
4525|23
4526|26
4527|1
4528|4
4529|13
4530|14
4531|14
4532|21
4533|15
4534|16
4535|7
4536|14
4537|6
4538|2
4539|27
4540|0
4541|74
4542|18
4543|15
4544|3
4545|3
4546|16
4547|32
4548|32
4549|16
4550|17
4551|21
4552|124
4553|10
4554|19
4555|238
4556|325
4557|2
4558|5
4559|7
4560|341
4561|2
4562|1
4563|8
4564|0
4565|0
4566|4
4567|12
4568|13
4569|6
4570|8
4571|20
4572|8
4573|11
4574|95
4575|69
4576|10
4577|3
4578|2
4579|466
4580|7
4581|10
4582|344
4583|231
4584|124
4585|8
4586|20
4587|8
4588|0
4589|41
4590|3
4591|5
4592|14
4593|5
4594|23
4595|3
4596|3
4597|4
4598|16
4599|2
4600|14
4601|6
4602|3
4603|14
4604|15
4605|9
4606|255
4607|236
4608|19
4609|3
4610|2
4611|15
4612|5
4613|3
4614|8
4615|224
4616|7
4617|4
4618|21
4619|3
4620|9
4621|7
4622|4
4623|1
4624|48
4625|52
4626|104
4627|31
4628|511
4629|242
4630|12
4631|24
4632|15
4633|16
4634|13
4635|22
4636|16
4637|20
4638|7
4639|389
4640|11
4641|12
4642|4
4643|3
4644|6
4645|22
4646|185
4647|18
4648|459
4649|180
4650|246
4651|7
4652|12
4653|294
4654|13
4655|4
4656|12
4657|302
4658|7
4659|4
4660|7
4661|7
4662|6
4663|193
4664|19
4665|209
4666|6
4667|18
4668|242
4669|0
4670|6
4671|134
4672|235
4673|3
4674|127
4675|7
4676|14
4677|25
4678|10
4679|27
4680|10
4681|4
4682|8
4683|193
4684|6
4685|239
4686|9
4687|219
4688|0
4689|9
4690|11
4691|3
4692|134
4693|0
4694|18
4695|26
4696|242
4697|497
4698|3
4699|10
4700|3
4701|233
4702|44
4703|7
4704|0
4705|2
4706|9
4707|19
4708|559
4709|49
4710|35
4711|544
4712|2
4713|62
4714|16
4715|4
4716|0
4717|5
4718|8
4719|3
4720|15
4721|11
4722|89
4723|17
4724|3
4725|0
4726|61
4727|1
4728|15
4729|3
4730|7
4731|14
4732|10
4733|1
4734|3
4735|0
4736|5
4737|8
4738|4
4739|17
4740|4
4741|0
4742|4
4743|4
4744|18
4745|0
4746|14
4747|16
4748|1
4749|22
4750|21
4751|5
4752|6
4753|16
4754|15
4755|10
4756|11
4757|4
4758|13
4759|1
4760|19
4761|15
4762|16
4763|1
4764|24
4765|17
4766|3
4767|13
4768|12
4769|16
4770|17
4771|17
4772|18
4773|0
4774|18
4775|16
4776|16
4777|13
4778|15
4779|17
4780|15
4781|14
4782|5
4783|17
4784|16
4785|5
4786|6
4787|8
4788|1
4789|14
4790|0
4791|1
4792|5
4793|0
4794|13
4795|11
4796|0
4797|13
4798|16
4799|15
4800|13
4801|1
4802|15
4803|12
4804|17
4805|15
4806|13
4807|3
4808|13
4809|15
4810|21
4811|17
4812|20
4813|15
4814|5
4815|2
4816|1
4817|1
4818|13
4819|21
4820|19
4821|16
4822|0
4823|19
4824|16
4825|13
4826|13
4827|16
4828|10
4829|12
4830|13
4831|6
4832|12
4833|14
4834|0
4835|24
4836|17
4837|0
4838|5
4839|11
4840|0
4841|17
4842|15
4843|22
4844|17
4845|15
4846|13
4847|0
4848|12
4849|10
4850|2
4851|1
4852|15
4853|17
4854|14
4855|10
4856|17
4857|0
4858|16
4859|15
4860|17
4861|4
4862|19
4863|15
4864|14
4865|13
4866|1
4867|0
4868|1
4869|16
4870|14
4871|3
4872|16
4873|13
4874|284
4875|1
4876|26
4877|16
4878|12
4879|26
4880|279
4881|25
4882|324
4883|0
4884|13
4885|431
4886|36
4887|3
4888|91
4889|15
4890|65
4891|5
4892|3
4893|556
4894|7
4895|28
4896|79
4897|32
4898|21
4899|492
4900|614
4901|30
4902|386
4903|25
4904|10
4905|31
4906|36
4907|30
4908|18
4909|251
4910|8
4911|198
4912|10
4913|34
4914|22
4915|7
4916|13
4917|30
4918|8
4919|11
4920|558
4921|22
4922|4
4923|7
4924|10
4925|6
4926|42
4927|388
4928|11
4929|30
4930|16
4931|291
4932|530
4933|39
4934|333
4935|3
4936|33
4937|349
4938|7
4939|81
4940|410
4941|30
4942|22
4943|59
4944|1
4945|8
4946|19
4947|17
4948|6
4949|15
4950|219
4951|1
4952|27
4953|2
4954|5
4955|21
4956|11
4957|149
4958|43
4959|367
4960|16
4961|22
4962|6
4963|18
4964|7
4965|13
4966|31
4967|30
4968|0
4969|38
4970|477
4971|344
4972|27
4973|26
4974|22
4975|4
4976|5
4977|2
4978|0
4979|2
4980|19
4981|0
4982|7
4983|35
4984|42
4985|14
4986|61
4987|39
4988|4
4989|21
4990|18
4991|4
4992|2
4993|16
4994|9
4995|1059
4996|193
4997|5
4998|482
4999|564
5000|0
5001|219
5002|9
5003|23
5004|15
5005|19
5006|4
5007|368
5008|9
5009|9
5010|698
5011|425
5012|431
5013|16
5014|7
5015|32
5016|26
5017|8
5018|231
5019|179
5020|144
5021|19
5022|378
5023|26
5024|45
5025|186
5026|4
5027|280
5028|0
5029|17
5030|32
5031|424
5032|1
5033|43
5034|2
5035|417
5036|6
5037|33
5038|33
5039|545
5040|8
5041|11
5042|34
5043|26
5044|24
5045|23
5046|7
5047|1
5048|410
5049|18
5050|5
5051|7
5052|28
5053|489
5054|32
5055|31
5056|7
5057|11
5058|31
5059|34
5060|2
5061|24
5062|8
5063|17
5064|3
5065|14
5066|245
5067|8
5068|241
5069|7
5070|401
5071|2
5072|1
5073|24
5074|9
5075|31
5076|19
5077|32
5078|9
5079|39
5080|8
5081|25
5082|279
5083|28
5084|27
5085|21
5086|15
5087|476
5088|451
5089|9
5090|5
5091|6
5092|5
5093|44
5094|3
5095|45
5096|0
5097|5
5098|3
5099|28
5100|9
5101|4
5102|127
5103|20
5104|304
5105|9
5106|41
5107|23
5108|6
5109|27
5110|27
5111|9
5112|26
5113|29
5114|20
5115|5
5116|474
5117|14
5118|335
5119|20
5120|9
5121|9
5122|529
5123|25
5124|38
5125|5
5126|428
5127|362
5128|3
5129|10
5130|16
5131|469
5132|350
5133|314
5134|29
5135|35
5136|317
5137|36
5138|45
5139|12
5140|11
5141|34
5142|39
5143|35
5144|15
5145|34
5146|42
5147|36
5148|32
5149|39
5150|39
5151|42
5152|35
5153|28
5154|35
5155|2
5156|29
5157|16
5158|0
5159|26
5160|34
5161|0
5162|220
5163|10
5164|36
5165|29
5166|5
5167|26
5168|7
5169|6
5170|0
5171|4
5172|5
5173|6
5174|5
5175|14
5176|19
5177|27
5178|32
5179|20
5180|7
5181|7
5182|8
5183|36
5184|369
5185|437
5186|40
5187|5
5188|1
5189|20
5190|4
5191|1
5192|1
5193|23
5194|5
5195|5
5196|19
5197|4
5198|31
5199|7
5200|40
5201|83
5202|8
5203|14
5204|3
5205|2
5206|3
5207|87
5208|406
5209|3
5210|1
5211|201
5212|5
5213|6
5214|11
5215|27
5216|8
5217|4
5218|2
5219|390
5220|234
5221|5
5222|7
5223|12
5224|145
5225|356
5226|24
5227|5
5228|30
5229|31
5230|20
5231|39
5232|21
5233|25
5234|13
5235|459
5236|374
5237|6
5238|0
5239|11
5240|3
5241|7
5242|15
5243|5
5244|137
5245|232
5246|31
5247|3
5248|190
5249|26
5250|689
5251|13
5252|155
5253|26
5254|308
5255|4
5256|2
5257|5
5258|4
5259|558
5260|23
5261|12
5262|12
5263|9
5264|466
5265|415
5266|554
5267|1
5268|12
5269|14
5270|32
5271|248
5272|26
5273|241
5274|214
5275|28
5276|30
5277|12
5278|33
5279|783
5280|10
5281|3
5282|18
5283|1
5284|3
5285|6
5286|14
5287|7
5288|0
5289|0
5290|235
5291|25
5292|26
5293|19
5294|13
5295|217
5296|20
5297|12
5298|0
5299|13
5300|4
5301|219
5302|298
5303|342
5304|0
5305|367
5306|7
5307|20
5308|47
5309|12
5310|28
5311|161
5312|8
5313|414
5314|283
5315|2
5316|7
5317|8
5318|12
5319|5
5320|44
5321|10
5322|13
5323|8
5324|4
5325|250
5326|212
5327|191
5328|3
5329|10
5330|44
5331|10
5332|300
5333|6
5334|2
5335|8
5336|8
5337|296
5338|185
5339|216
5340|262
5341|6
5342|1
5343|21
5344|35
5345|18
5346|27
5347|475
5348|256
5349|11
5350|17
5351|6
5352|11
5353|185
5354|12
5355|0
5356|292
5357|74
5358|397
5359|0
5360|5
5361|73
5362|235
5363|77
5364|38
5365|249
5366|220
5367|7
5368|134
5369|118
5370|24
5371|62
5372|537
5373|334
5374|223
5375|8
5376|271
5377|602
5378|164
5379|161
5380|71
5381|199
5382|0
5383|9
5384|5
5385|85
5386|63
5387|26
5388|6
5389|0
5390|527
5391|0
5392|338
5393|276
5394|7
5395|269
5396|21
5397|470
5398|340
5399|362
5400|157
5401|148
5402|0
5403|0
5404|0
5405|0
5406|0
5407|34
5408|47
5409|6
5410|28
5411|20
5412|37
5413|17
5414|6
5415|13
5416|7
5417|41
5418|30
5419|34
5420|3
5421|36
5422|35
5423|32
5424|30
5425|33
5426|18
5427|37
5428|42
5429|41
5430|22
5431|41
5432|46
5433|39
5434|39
5435|38
5436|35
5437|46
5438|10
5439|42
5440|34
5441|34
5442|4
5443|35
5444|36
5445|8
5446|15
5447|35
5448|17
5449|36
5450|2
5451|43
5452|16
5453|37
5454|40
5455|26
5456|0
5457|48
5458|0
5459|43
5460|41
5461|41
5462|37
5463|41
5464|45
5465|44
5466|37
5467|41
5468|35
5469|41
5470|36
5471|47
5472|44
5473|35
5474|47
5475|41
5476|38
5477|45
5478|6
5479|35
5480|41
5481|44
5482|44
5483|41
5484|40
5485|5
5486|42
5487|44
5488|32
5489|10
5490|6
5491|14
5492|12
5493|10
5494|202
5495|29
5496|35
5497|5
5498|40
5499|40
5500|34
5501|33
5502|35
5503|35
5504|36
5505|35
5506|36
5507|0
5508|43
5509|31
5510|39
5511|31
5512|35
5513|36
5514|37
5515|34
5516|32
5517|2
5518|41
5519|2
5520|15
5521|27
5522|14
5523|33
5524|40
5525|33
5526|40
5527|40
5528|43
5529|40
5530|44
5531|40
5532|42
5533|47
5534|38
5535|37
5536|40
5537|37
5538|42
5539|42
5540|39
5541|41
5542|39
5543|33
5544|41
5545|33
5546|41
5547|41
5548|29
5549|43
5550|42
5551|39
5552|40
5553|40
5554|42
5555|34
5556|0
5557|16
5558|22
5559|44
5560|44
5561|24
5562|42
5563|42
5564|45
5565|34
5566|0
5567|44
5568|33
5569|34
5570|44
5571|41
5572|44
5573|33
5574|44
5575|40
5576|44
5577|36
5578|13
5579|45
5580|33
5581|38
5582|33
5583|37
5584|43
5585|43
5586|41
5587|27
5588|41
5589|41
5590|35
5591|43
5592|10
5593|43
5594|40
5595|34
5596|42
5597|40
5598|41
5599|43
5600|42
5601|1
5602|46
5603|44
5604|47
5605|34
5606|35
5607|9
5608|44
5609|39
5610|35
5611|41
5612|40
5613|35
5614|44
5615|46
5616|41
5617|44
5618|40
5619|34
5620|43
5621|18
5622|39
5623|45
5624|40
5625|9
5626|23
5627|25
5628|32
5629|16
5630|27
5631|25
5632|21
5633|29
5634|30
5635|33
5636|45
5637|43
5638|32
5639|39
5640|41
5641|41
5642|31
5643|32
5644|40
5645|39
5646|39
5647|33
5648|44
5649|33
5650|33
5651|30
5652|28
5653|32
5654|5
5655|5
5656|39
5657|33
5658|33
5659|41
5660|43
5661|40
5662|33
5663|31
5664|0
5665|34
5666|30
5667|31
5668|30
5669|39
5670|44
5671|42
5672|44
5673|37
5674|43
5675|45
5676|7
5677|207
5678|26
5679|2
5680|36
5681|32
5682|32
5683|38
5684|42
5685|39
5686|41
5687|38
5688|36
5689|40
5690|35
5691|38
5692|34
5693|39
5694|37
5695|34
5696|33
5697|39
5698|35
5699|24
5700|29
5701|35
5702|45
5703|37
5704|0
5705|39
5706|31
5707|33
5708|47
5709|39
5710|43
5711|0
5712|41
5713|39
5714|45
5715|33
5716|39
5717|41
5718|39
5719|42
5720|33
5721|42
5722|27
5723|22
5724|41
5725|45
5726|36
5727|37
5728|43
5729|42
5730|41
5731|39
5732|46
5733|31
5734|19
5735|28
5736|46
5737|42
5738|42
5739|44
5740|42
5741|44
5742|41
5743|47
5744|45
5745|41
5746|41
5747|43
5748|40
5749|35
5750|28
5751|41
5752|42
5753|41
5754|35
5755|41
5756|40
5757|41
5758|46
5759|44
5760|38
5761|45
5762|42
5763|41
5764|38
5765|39
5766|2
5767|40
5768|42
5769|42
5770|41
5771|43
5772|41
5773|44
5774|40
5775|32
5776|36
5777|32
5778|40
5779|6
5780|35
5781|47
5782|29
5783|41
5784|34
5785|35
5786|47
5787|44
5788|35
5789|35
5790|40
5791|42
5792|43
5793|48
5794|40
5795|24
5796|24
5797|43
5798|35
5799|7
5800|5
5801|40
5802|41
5803|39
5804|33
5805|47
5806|41
5807|44
5808|42
5809|44
5810|33
5811|41
5812|41
5813|33
5814|31
5815|34
5816|32
5817|42
5818|39
5819|43
5820|40
5821|37
5822|36
5823|40
5824|44
5825|27
5826|39
5827|46
5828|29
5829|40
5830|268
5831|21
5832|366
5833|41
5834|2
5835|21
5836|191
5837|40
5838|298
5839|34
5840|7
5841|37
5842|25
5843|7
5844|4
5845|2
5846|19
5847|40
5848|167
5849|9
5850|4
5851|13
5852|5
5853|5
5854|39
5855|34
5856|36
5857|46
5858|38
5859|28
5860|37
5861|33
5862|35
5863|24
5864|34
5865|44
5866|1
5867|43
5868|38
5869|42
5870|19
5871|0
5872|35
5873|42
5874|34
5875|47
5876|34
5877|39
5878|32
5879|38
5880|40
5881|42
5882|39
5883|39
5884|23
5885|29
5886|46
5887|32
5888|34
5889|8
5890|41
5891|33
5892|41
5893|34
5894|35
5895|33
5896|37
5897|35
5898|41
5899|7
5900|37
5901|35
5902|38
5903|0
5904|7
5905|34
5906|40
5907|37
5908|34
5909|30
5910|27
5911|34
5912|29
5913|37
5914|5
5915|33
5916|45
5917|39
5918|33
5919|33
5920|0
5921|43
5922|30
5923|29
5924|41
5925|29
5926|46
5927|43
5928|33
5929|40
5930|45
5931|44
5932|3
5933|39
5934|356
5935|10
5936|24
5937|7
5938|36
5939|13
5940|6
5941|4
5942|5
5943|6
5944|9
5945|30
5946|46
5947|41
5948|31
5949|31
5950|40
5951|43
5952|40
5953|39
5954|47
5955|41
5956|21
5957|40
5958|42
5959|32
5960|13
5961|20
5962|3
5963|5
5964|38
5965|33
5966|41
5967|40
5968|29
5969|44
5970|32
5971|32
5972|46
5973|42
5974|46
5975|30
5976|33
5977|32
5978|31
5979|44
5980|31
5981|44
5982|38
5983|40
5984|40
5985|43
5986|34
5987|31
5988|40
5989|40
5990|39
5991|23
5992|6
5993|6
5994|44
5995|32
5996|43
5997|43
5998|43
5999|26
6000|35
6001|43
6002|40
6003|43
6004|48
6005|43
6006|35
6007|6
6008|47
6009|31
6010|45
6011|33
6012|37
6013|46
6014|41
6015|40
6016|44
6017|42
6018|44
6019|44
6020|33
6021|41
6022|41
6023|3
6024|35
6025|0
6026|18
6027|17
6028|29
6029|6
6030|17
6031|22
6032|25
6033|42
6034|36
6035|45
6036|16
6037|7
6038|27
6039|36
6040|37
6041|44
6042|35
6043|9
6044|4
6045|6
6046|8
6047|7
6048|15
6049|28
6050|44
6051|2
6052|2
6053|343
6054|1
6055|41
6056|12
6057|23
6058|42
6059|41
6060|31
6061|9
6062|42
6063|26
6064|32
6065|36
6066|37
6067|18
6068|37
6069|33
6070|27
6071|42
6072|34
6073|33
6074|40
6075|34
6076|41
6077|24
6078|50
6079|33
6080|44
6081|47
6082|46
6083|8
6084|26
6085|36
6086|21
6087|10
6088|20
6089|21
6090|32
6091|35
6092|38
6093|14
6094|36
6095|43
6096|40
6097|35
6098|34
6099|9
6100|41
6101|37
6102|37
6103|36
6104|35
6105|32
6106|27
6107|28
6108|35
6109|9
6110|9
6111|12
6112|0
6113|12
6114|0
6115|6
6116|6
6117|6
6118|5
6119|7
6120|7
6121|42
6122|22
6123|45
6124|32
6125|31
6126|6
6127|40
6128|3
6129|41
6130|40
6131|28
6132|9
6133|4
6134|7
6135|36
6136|10
6137|0
6138|0
6139|21
6140|15
6141|10
6142|27
6143|4
6144|26
6145|10
6146|16
6147|501
6148|10
6149|6
6150|14
6151|39
6152|39
6153|43
6154|42
6155|41
6156|38
6157|42
6158|40
6159|38
6160|34
6161|51
6162|42
6163|19
6164|32
6165|1
6166|43
6167|37
6168|31
6169|41
6170|32
6171|42
6172|24
6173|8
6174|200
6175|7
6176|5
6177|6
6178|4
6179|5
6180|4
6181|5
6182|5
6183|9
6184|5
6185|30
6186|4
6187|4
6188|8
6189|6
6190|3
6191|5
6192|5
6193|5
6194|4
6195|3
6196|4
6197|21
6198|20
6199|8
6200|22
6201|6
6202|13
6203|14
6204|4
6205|27
6206|24
6207|18
6208|5
6209|5
6210|2
6211|13
6212|12
6213|7
6214|3
6215|5
6216|5
6217|8
6218|5
6219|14
6220|2
6221|4
6222|1
6223|4
6224|6
6225|3
6226|2
6227|7
6228|3
6229|4
6230|2
6231|10
6232|2
6233|6
6234|5
6235|3
6236|40
6237|7
6238|34
6239|3
6240|44
6241|44
6242|41
6243|48
6244|39
6245|31
6246|345
6247|15
6248|12
6249|16
6250|10
6251|7
6252|8
6253|9
6254|4
6255|2
6256|6
6257|6
6258|10
6259|5
6260|21
6261|37
6262|6
6263|10
6264|6
6265|11
6266|9
6267|8
6268|3
6269|5
6270|4
6271|4
6272|4
6273|7
6274|4
6275|10
6276|7
6277|3
6278|5
6279|5
6280|4
6281|8
6282|6
6283|5
6284|4
6285|28
6286|5
6287|353
6288|6
6289|13
6290|29
6291|32
6292|44
6293|8
6294|36
6295|36
6296|30
6297|25
6298|45
6299|45
6300|11
6301|2
6302|7
6303|5
6304|7
6305|4
6306|5
6307|8
6308|6
6309|7
6310|8
6311|5
6312|7
6313|7
6314|27
6315|8
6316|8
6317|16
6318|6
6319|5
6320|6
6321|6
6322|8
6323|4
6324|4
6325|5
6326|5
6327|6
6328|4
6329|7
6330|4
6331|0
6332|24
6333|8
6334|6
6335|7
6336|5
6337|12
6338|6
6339|6
6340|5
6341|8
6342|322
6343|18
6344|5
6345|5
6346|6
6347|290
6348|4
6349|40
6350|6
6351|268
6352|377
6353|430
6354|252
6355|444
6356|245
6357|299
6358|535
6359|395
6360|479
6361|445
6362|444
6363|365
6364|406
6365|249
6366|437
6367|259
6368|273
6369|269
6370|245
6371|0
6372|411
6373|314
6374|401
6375|216
6376|367
6377|324
6378|298
6379|354
6380|448
6381|433
6382|305
6383|197
6384|205
6385|396
6386|450
6387|209
6388|223
6389|177
6390|181
6391|323
6392|4
6393|2
6394|7
6395|16
6396|4
6397|18
6398|5
6399|22
6400|2
6401|11
6402|6
6403|5
6404|29
6405|3
6406|23
6407|288
6408|273
6409|257
6410|370
6411|463
6412|373
6413|568
6414|321
6415|253
6416|312
6417|508
6418|0
6419|482
6420|343
6421|317
6422|561
6423|423
6424|287
6425|441
6426|535
6427|595
6428|285
6429|452
6430|268
6431|327
6432|268
6433|466
6434|4
6435|283
6436|152
6437|11
6438|10
6439|5
6440|347
6441|400
6442|274
6443|303
6444|341
6445|431
6446|320
6447|492
6448|425
6449|285
6450|259
6451|266
6452|256
6453|347
6454|351
6455|504
6456|281
6457|279
6458|358
6459|279
6460|368
6461|337
6462|288
6463|261
6464|288
6465|0
6466|1
6467|0
6468|0
6469|1
6470|3
6471|10
6472|464
6473|336
6474|316
6475|482
6476|401
6477|416
6478|263
6479|343
6480|361
6481|368
6482|264
6483|358
6484|278
6485|268
6486|296
6487|288
6488|276
6489|249
6490|341
6491|268
6492|16
6493|12
6494|12
6495|15
6496|19
6497|225
6498|15
6499|24
6500|17
6501|17
6502|32
6503|26
6504|20
6505|12
6506|15
6507|259
6508|5
6509|223
6510|320
6511|12
6512|28
6513|235
6514|4
6515|196
6516|288
6517|5
6518|16
6519|17
6520|213
6521|296
6522|235
6523|23
6524|20
6525|10
6526|19
6527|15
6528|201
6529|26
6530|31
6531|4
6532|13
6533|14
6534|19
6535|200
6536|8
6537|276
6538|223
6539|24
6540|4
6541|164
6542|7
6543|182
6544|3
6545|161
6546|146
6547|16
6548|25
6549|23
6550|211
6551|3
6552|29
6553|10
6554|214
6555|223
6556|15
6557|18
6558|17
6559|6
6560|171
6561|7
6562|8
6563|25
6564|15
6565|32
6566|10
6567|242
6568|13
6569|110
6570|28
6571|0
6572|155
6573|173
6574|209
6575|204
6576|7
6577|148
6578|23
6579|14
6580|27
6581|26
6582|19
6583|1
6584|3
6585|22
6586|26
6587|26
6588|13
6589|139
6590|160
6591|16
6592|6
6593|9
6594|10
6595|33
6596|22
6597|23
6598|28
6599|31
6600|279
6601|284
6602|23
6603|31
6604|23
6605|24
6606|12
6607|7
6608|13
6609|202
6610|2
6611|4
6612|5
6613|7
6614|12
6615|29
6616|0
6617|7
6618|14
6619|19
6620|21
6621|21
6622|0
6623|23
6624|9
6625|154
6626|4
6627|26
6628|27
6629|0
6630|17
6631|24
6632|20
6633|17
6634|22
6635|20
6636|273
6637|9
6638|22
6639|22
6640|22
6641|25
6642|20
6643|24
6644|11
6645|13
6646|13
6647|187
6648|24
6649|24
6650|17
6651|17
6652|16
6653|22
6654|217
6655|28
6656|27
6657|19
6658|28
6659|0
6660|24
6661|23
6662|25
6663|28
6664|28
6665|22
6666|0
6667|25
6668|17
6669|22
6670|8
6671|9
6672|7
6673|7
6674|11
6675|156
6676|17
6677|21
6678|0
6679|5
6680|13
6681|14
6682|19
6683|15
6684|19
6685|20
6686|18
6687|25
6688|10
6689|12
6690|20
6691|10
6692|6
6693|11
6694|25
6695|28
6696|24
6697|221
6698|244
6699|156
6700|238
6701|8
6702|18
6703|3
6704|15
6705|18
6706|22
6707|3
6708|19
6709|4
6710|19
6711|16
6712|0
6713|26
6714|21
6715|34
6716|25
6717|12
6718|256
6719|22
6720|17
6721|33
6722|2
6723|16
6724|4
6725|14
6726|5
6727|12
6728|25
6729|51
6730|0
6731|20
6732|17
6733|21
6734|9
6735|14
6736|3
6737|4
6738|3
6739|5
6740|211
6741|22
6742|21
6743|31
6744|17
6745|21
6746|14
6747|9
6748|3
6749|269
6750|21
6751|4
6752|29
6753|26
6754|20
6755|26
6756|11
6757|6
6758|5
6759|15
6760|227
6761|293
6762|184
6763|25
6764|22
6765|21
6766|26
6767|23
6768|18
6769|27
6770|29
6771|3
6772|24
6773|26
6774|6
6775|133
6776|22
6777|20
6778|3
6779|18
6780|5
6781|6
6782|7
6783|26
6784|11
6785|6
6786|24
6787|20
6788|21
6789|22
6790|25
6791|24
6792|23
6793|24
6794|25
6795|22
6796|16
6797|27
6798|3
6799|23
6800|19
6801|26
6802|24
6803|28
6804|25
6805|20
6806|23
6807|13
6808|21
6809|15
6810|4
6811|26
6812|18
6813|12
6814|223
6815|266
6816|284
6817|22
6818|18
6819|8
6820|226
6821|24
6822|35
6823|19
6824|5
6825|9
6826|3
6827|9
6828|46
6829|28
6830|337
6831|24
6832|225
6833|19
6834|29
6835|26
6836|28
6837|24
6838|177
6839|30
6840|227
6841|6
6842|21
6843|26
6844|23
6845|34
6846|15
6847|20
6848|1
6849|15
6850|30
6851|18
6852|8
6853|20
6854|0
6855|19
6856|17
6857|18
6858|11
6859|20
6860|22
6861|26
6862|25
6863|26
6864|28
6865|23
6866|28
6867|11
6868|24
6869|4
6870|166
6871|4
6872|18
6873|18
6874|6
6875|24
6876|22
6877|20
6878|9
6879|6
6880|25
6881|22
6882|11
6883|6
6884|15
6885|12
6886|22
6887|21
6888|34
6889|11
6890|16
6891|33
6892|28
6893|22
6894|19
6895|20
6896|25
6897|4
6898|25
6899|21
6900|20
6901|22
6902|26
6903|13
6904|18
6905|22
6906|21
6907|5
6908|0
6909|10
6910|21
6911|19
6912|3
6913|31
6914|20
6915|1
6916|7
6917|23
6918|24
6919|16
6920|7
6921|42
6922|13
6923|13
6924|23
6925|23
6926|11
6927|15
6928|18
6929|22
6930|13
6931|18
6932|21
6933|24
6934|0
6935|0
6936|1
6937|22
6938|29
6939|14
6940|5
6941|14
6942|4
6943|14
6944|6
6945|19
6946|5
6947|23
6948|24
6949|127
6950|11
6951|25
6952|26
6953|26
6954|4
6955|20
6956|7
6957|8
6958|4
6959|29
6960|32
6961|7
6962|21
6963|1
6964|4
6965|3
6966|5
6967|13
6968|30
6969|5
6970|17
6971|5
6972|12
6973|10
6974|3
6975|18
6976|5
6977|25
6978|24
6979|3
6980|3
6981|21
6982|27
6983|2
6984|19
6985|20
6986|23
6987|20
6988|14
6989|1
6990|21
6991|27
6992|29
6993|28
6994|24
6995|19
6996|26
6997|11
6998|12
6999|7
7000|16
7001|15
7002|9
7003|16
7004|8
7005|14
7006|16
7007|16
7008|26
7009|5
7010|20
7011|19
7012|1
7013|5
7014|4
7015|106
7016|1
7017|32
7018|21
7019|11
7020|24
7021|9
7022|3
7023|2
7024|27
7025|5
7026|5
7027|20
7028|17
7029|28
7030|16
7031|27
7032|8
7033|17
7034|6
7035|4
7036|11
7037|6
7038|7
7039|4
7040|24
7041|5
7042|10
7043|8
7044|16
7045|25
7046|6
7047|1
7048|0
7049|18
7050|14
7051|20
7052|8
7053|23
7054|7
7055|18
7056|23
7057|12
7058|11
7059|23
7060|6
7061|4
7062|7
7063|22
7064|19
7065|246
7066|310
7067|9
7068|7
7069|7
7070|22
7071|22
7072|14
7073|8
7074|101
7075|8
7076|159
7077|5
7078|103
7079|11
7080|17
7081|18
7082|5
7083|4
7084|27
7085|1
7086|19
7087|7
7088|7
7089|12
7090|23
7091|8
7092|7
7093|9
7094|12
7095|21
7096|9
7097|193
7098|5
7099|161
7100|142
7101|4
7102|17
7103|30
7104|24
7105|28
7106|32
7107|23
7108|10
7109|26
7110|26
7111|195
7112|9
7113|16
7114|16
7115|13
7116|19
7117|170
7118|405
7119|6
7120|204
7121|17
7122|16
7123|518
7124|5
7125|10
7126|7
7127|250
7128|0
7129|0
7130|175
7131|246
7132|277
7133|260
7134|0
7135|0
7136|231
7137|205
7138|252
7139|182
7140|192
7141|169
7142|11
7143|19
7144|38
7145|25
7146|168
7147|146
7148|17
7149|16
7150|430
7151|380
7152|27
7153|14
7154|23
7155|20
7156|23
7157|21
7158|13
7159|13
7160|5
7161|6
7162|23
7163|22
7164|12
7165|9
7166|6
7167|7
7168|10
7169|3
7170|3
7171|4
7172|11
7173|5
7174|78
7175|200
7176|30
7177|1
7178|7
7179|5
7180|8
7181|9
7182|20
7183|8
7184|14
7185|4
7186|9
7187|7
7188|5
7189|6
7190|5
7191|7
7192|8
7193|29
7194|33
7195|298
7196|17
7197|234
7198|156
7199|11
7200|192
7201|157
7202|10
7203|13
7204|11
7205|10
7206|14
7207|7
7208|11
7209|12
7210|15
7211|6
7212|6
7213|24
7214|9
7215|187
7216|9
7217|8
7218|5
7219|8
7220|4
7221|7
7222|3
7223|8
7224|9
7225|25
7226|6
7227|18
7228|29
7229|14
7230|13
7231|16
7232|8
7233|7
7234|5
7235|20
7236|5
7237|9
7238|20
7239|8
7240|13
7241|5
7242|28
7243|8
7244|9
7245|16
7246|142
7247|149
7248|277
7249|4
7250|11
7251|10
7252|12
7253|6
7254|25
7255|154
7256|20
7257|4
7258|153
7259|140
7260|171
7261|183
7262|17
7263|14
7264|122
7265|236
7266|125
7267|154
7268|8
7269|8
7270|13
7271|13
7272|7
7273|7
7274|227
7275|181
7276|178
7277|6
7278|4
7279|152
7280|277
7281|5
7282|7
7283|5
7284|7
7285|7
7286|13
7287|143
7288|13
7289|5
7290|137
7291|144
7292|10
7293|12
7294|10
7295|10
7296|18
7297|128
7298|4
7299|21
7300|8
7301|6
7302|13
7303|7
7304|0
7305|0
7306|0
7307|1
7308|22
7309|11
7310|7
7311|23
7312|13
7313|44
7314|9
7315|3
7316|9
7317|6
7318|26
7319|8
7320|163
7321|14
7322|199
7323|299
7324|9
7325|9
7326|24
7327|12
7328|8
7329|4
7330|6
7331|16
7332|153
7333|12
7334|18
7335|263
7336|151
7337|9
7338|6
7339|145
7340|22
7341|223
7342|184
7343|13
7344|13
7345|15
7346|9
7347|191
7348|160
7349|10
7350|11
7351|146
7352|190
7353|1
7354|3
7355|10
7356|11
7357|132
7358|133
7359|247
7360|200
7361|131
7362|149
7363|201
7364|2
7365|13
7366|11
7367|13
7368|12
7369|13
7370|14
7371|15
7372|11
7373|18
7374|23
7375|7
7376|5
7377|5
7378|5
7379|5
7380|16
7381|222
7382|289
7383|288
7384|222
7385|271
7386|0
7387|210
7388|233
7389|222
7390|257
7391|138
7392|133
7393|133
7394|59
7395|121
7396|0
7397|0
7398|3
7399|5
7400|14
7401|4
7402|5
7403|2
7404|1
7405|14
7406|15
7407|0
7408|3
7409|13
7410|26
7411|22
7412|4
7413|0
7414|25
7415|22
7416|20
7417|16
7418|13
7419|16
7420|6
7421|1
7422|9
7423|0
7424|4
7425|15
7426|4
7427|24
7428|21
7429|24
7430|22
7431|23
7432|29
7433|28
7434|22
7435|20
7436|24
7437|20
7438|14
7439|4
7440|25
7441|23
7442|12
7443|20
7444|3
7445|12
7446|27
7447|8
7448|28
7449|24
7450|4
7451|20
7452|17
7453|21
7454|20
7455|23
7456|23
7457|20
7458|15
7459|17
7460|19
7461|25
7462|5
7463|22
7464|22
7465|23
7466|26
7467|20
7468|22
7469|5
7470|23
7471|0
7472|22
7473|20
7474|4
7475|19
7476|23
7477|26
7478|1
7479|22
7480|5
7481|25
7482|18
7483|27
7484|21
7485|28
7486|9
7487|25
7488|5
7489|15
7490|15
7491|4
7492|13
7493|15
7494|16
7495|14
7496|5
7497|1
7498|15
7499|25
7500|1
7501|1
7502|31
7503|23
7504|6
7505|21
7506|19
7507|23
7508|5
7509|5
7510|22
7511|22
7512|0
7513|13
7514|21
7515|1
7516|15
7517|7
7518|5
7519|4
7520|16
7521|20
7522|16
7523|18
7524|20
7525|33
7526|23
7527|3
7528|14
7529|27
7530|22
7531|24
7532|20
7533|22
7534|14
7535|16
7536|4
7537|3
7538|9
7539|19
7540|12
7541|8
7542|24
7543|19
7544|9
7545|17
7546|9
7547|19
7548|5
7549|23
7550|15
7551|23
7552|19
7553|18
7554|12
7555|14
7556|22
7557|13
7558|19
7559|16
7560|8
7561|11
7562|1
7563|9
7564|16
7565|18
7566|15
7567|0
7568|23
7569|16
7570|16
7571|16
7572|4
7573|1
7574|7
7575|7
7576|10
7577|0
7578|9
7579|0
7580|1
7581|12
7582|3
7583|0
7584|1
7585|1
7586|2
7587|3
7588|22
7589|0
7590|1
7591|0
7592|4
7593|1
7594|0
7595|0
7596|1
7597|1
7598|1
7599|0
7600|0
7601|1
7602|24
7603|1
7604|2
7605|0
7606|0
7607|0
7608|2
7609|50
7610|2
7611|3
7612|1
7613|4
7614|1
7615|0
7616|89
7617|11
7618|2
7619|1
7620|2
7621|2
7622|0
7623|1
7624|76
7625|1
7626|0
7627|9
7628|0
7629|1
7630|0
7631|0
7632|14
7633|1
7634|27
7635|7
7636|0
7637|1
7638|0
7639|3
7640|1
7641|22
7642|40
7643|2
7644|19
7645|2
7646|2
7647|2
7648|3
7649|43
7650|1
7651|1
7652|2
7653|2
7654|1
7655|2
7656|3
7657|30
7658|29
7659|1
7660|2
7661|0
7662|3
7663|0
7664|24
7665|0
7666|3
7667|3
7668|0
7669|0
7670|0
7671|1
7672|0
7673|11
7674|1
7675|3
7676|1
7677|1
7678|0
7679|0
7680|1
7681|2
7682|0
7683|10
7684|0
7685|11
7686|12
7687|0
7688|1
7689|0
7690|3
7691|1
7692|3
7693|3
7694|1
7695|3
7696|1
7697|24
7698|9
7699|8
7700|5
7701|3
7702|3
7703|2
7704|4
7705|3
7706|4
7707|5
7708|5
7709|4
7710|4
7711|4
7712|3
7713|1
7714|0
7715|2
7716|2
7717|0
7718|0
7719|2
7720|1
7721|1
7722|26
7723|53
7724|0
7725|1
7726|1
7727|132
7728|1
7729|2
7730|4
7731|1
7732|5
7733|3
7734|3
7735|2
7736|3
7737|111
7738|2
7739|2
7740|4
7741|3
7742|2
7743|5
7744|2
7745|8
7746|2
7747|1
7748|55
7749|1
7750|26
7751|28
7752|22
7753|1
7754|17
7755|468
7756|15
7757|8
7758|4
7759|8
7760|4
7761|17
7762|7
7763|338
7764|2
7765|15
7766|12
7767|15
7768|10
7769|17
7770|0
7771|15
7772|16
7773|3
7774|5
7775|11
7776|16
7777|2
7778|3
7779|9
7780|18
7781|10
7782|14
7783|289
7784|131
7785|3
7786|37
7787|6
7788|5
7789|400
7790|15
7791|18
7792|68
7793|7
7794|15
7795|186
7796|48
7797|31
7798|440
7799|21
7800|9
7801|9
7802|16
7803|14
7804|15
7805|0
7806|0
7807|146
7808|295
7809|286
7810|219
7811|11
7812|12
7813|16
7814|499
7815|434
7816|11
7817|18
7818|13
7819|11
7820|305
7821|15
7822|34
7823|29
7824|8
7825|16
7826|15
7827|304
7828|14
7829|14
7830|14
7831|5
7832|320
7833|620
7834|14
7835|113
7836|123
7837|4
7838|312
7839|249
7840|13
7841|13
7842|10
7843|16
7844|5
7845|412
7846|321
7847|215
7848|6
7849|374
7850|23
7851|16
7852|448
7853|399
7854|256
7855|356
7856|329
7857|329
7858|396
7859|253
7860|262
7861|289
7862|17
7863|179
7864|13
7865|11
7866|10
7867|9
7868|15
7869|319
7870|11
7871|15
7872|13
7873|11
7874|12
7875|14
7876|14
7877|14
7878|15
7879|18
7880|14
7881|15
7882|4
7883|12
7884|220
7885|11
7886|3
7887|13
7888|30
7889|6
7890|18
7891|31
7892|24
7893|6
7894|21
7895|16
7896|32
7897|8
7898|39
7899|7
7900|14
7901|20
7902|11
7903|10
7904|10
7905|13
7906|3
7907|15
7908|17
7909|17
7910|19
7911|16
7912|13
7913|14
7914|1
7915|37
7916|15
7917|8
7918|13
7919|17
7920|753
7921|14
7922|10
7923|31
7924|6
7925|347
7926|13
7927|12
7928|14
7929|16
7930|270
7931|10
7932|13
7933|19
7934|13
7935|17
7936|17
7937|11
7938|519
7939|19
7940|2
7941|1
7942|35
7943|12
7944|23
7945|5
7946|371
7947|25
7948|13
7949|19
7950|7
7951|1
7952|258
7953|12
7954|264
7955|31
7956|25
7957|12
7958|10
7959|20
7960|12
7961|15
7962|447
7963|17
7964|7
7965|12
7966|347
7967|13
7968|18
7969|21
7970|14
7971|11
7972|13
7973|384
7974|25
7975|271
7976|20
7977|2
7978|49
7979|265
7980|15
7981|9
7982|4
7983|33
7984|305
7985|6
7986|10
7987|381
7988|324
7989|18
7990|187
7991|6
7992|19
7993|17
7994|14
7995|1
7996|0
7997|277
7998|13
7999|11
8000|4
8001|16
8002|20
8003|36
8004|7
8005|12
8006|59
8007|11
8008|3
8009|14
8010|149
8011|279
8012|587
8013|20
8014|9
8015|5
8016|3
8017|16
8018|17
8019|9
8020|3
8021|17
8022|5
8023|19
8024|7
8025|51
8026|18
8027|17
8028|14
8029|3
8030|11
8031|10
8032|15
8033|11
8034|21
8035|10
8036|12
8037|12
8038|10
8039|17
8040|27
8041|12
8042|13
8043|17
8044|394
8045|391
8046|140
8047|214
8048|20
8049|12
8050|12
8051|4
8052|17
8053|15
8054|5
8055|440
8056|12
8057|30
8058|22
8059|13
8060|15
8061|320
8062|312
8063|217
8064|278
8065|7
8066|271
8067|517
8068|6
8069|8
8070|5
8071|6
8072|2
8073|246
8074|20
8075|88
8076|20
8077|10
8078|10
8079|17
8080|209
8081|218
8082|16
8083|348
8084|7
8085|810
8086|12
8087|340
8088|772
8089|498
8090|12
8091|16
8092|15
8093|15
8094|11
8095|4
8096|50
8097|610
8098|215
8099|15
8100|4
8101|13
8102|210
8103|238
8104|11
8105|15
8106|5
8107|232
8108|588
8109|0
8110|3
8111|4
8112|11
8113|36
8114|9
8115|11
8116|16
8117|20
8118|202
8119|243
8120|12
8121|19
8122|11
8123|17
8124|12
8125|16
8126|20
8127|25
8128|25
8129|22
8130|9
8131|13
8132|12
8133|18
8134|3
8135|7
8136|14
8137|10
8138|17
8139|18
8140|5
8141|4
8142|4
8143|12
8144|19
8145|11
8146|8
8147|6
8148|0
8149|8
8150|12
8151|12
8152|69
8153|16
8154|13
8155|33
8156|35
8157|6
8158|242
8159|12
8160|15
8161|16
8162|15
8163|13
8164|14
8165|166
8166|228
8167|169
8168|7
8169|397
8170|14
8171|35
8172|137
8173|12
8174|12
8175|11
8176|15
8177|11
8178|15
8179|6
8180|28
8181|10
8182|8
8183|14
8184|12
8185|14
8186|18
8187|14
8188|274
8189|47
8190|12
8191|1014
8192|5
8193|13
8194|8
8195|6
8196|14
8197|13
8198|17
8199|32
8200|17
8201|12
8202|18
8203|5
8204|6
8205|553
8206|14
8207|304
8208|15
8209|10
8210|16
8211|15
8212|10
8213|39
8214|23
8215|31
8216|13
8217|14
8218|13
8219|482
8220|149
8221|18
8222|3
8223|16
8224|20
8225|15
8226|18
8227|6
8228|17
8229|183
8230|4
8231|7
8232|2
8233|17
8234|17
8235|253
8236|4
8237|15
8238|8
8239|6
8240|10
8241|13
8242|8
8243|8
8244|9
8245|11
8246|534
8247|347
8248|291
8249|194
8250|207
8251|9
8252|10
8253|24
8254|8
8255|14
8256|14
8257|13
8258|16
8259|14
8260|17
8261|3
8262|13
8263|5
8264|8
8265|2
8266|5
8267|13
8268|13
8269|4
8270|12
8271|12
8272|14
8273|15
8274|42
8275|16
8276|14
8277|16
8278|5
8279|18
8280|35
8281|19
8282|222
8283|18
8284|12
8285|9
8286|7
8287|18
8288|388
8289|364
8290|13
8291|203
8292|302
8293|4
8294|13
8295|372
8296|272
8297|16
8298|19
8299|11
8300|15
8301|7
8302|12
8303|14
8304|797
8305|550
8306|12
8307|12
8308|12
8309|1
8310|3
8311|160
8312|4
8313|175
8314|197
8315|3
8316|243
8317|4
8318|6
8319|233
8320|233
8321|18
8322|15
8323|7
8324|14
8325|6
8326|273
8327|8
8328|9
8329|12
8330|14
8331|404
8332|13
8333|11
8334|3
8335|11
8336|12
8337|8
8338|15
8339|14
8340|13
8341|12
8342|281
8343|196
8344|8
8345|19
8346|14
8347|24
8348|5
8349|12
8350|16
8351|7
8352|14
8353|19
8354|3
8355|51
8356|18
8357|13
8358|2
8359|24
8360|3
8361|12
8362|18
8363|15
8364|10
8365|13
8366|3
8367|8
8368|2
8369|15
8370|210
8371|21
8372|189
8373|22
8374|7
8375|11
8376|8
8377|20
8378|13
8379|7
8380|10
8381|8
8382|15
8383|7
8384|8
8385|24
8386|10
8387|8
8388|11
8389|17
8390|16
8391|13
8392|7
8393|8
8394|23
8395|14
8396|21
8397|7
8398|4
8399|33
8400|27
8401|45
8402|8
8403|2
8404|9
8405|445
8406|16
8407|4
8408|4
8409|4
8410|4
8411|2
8412|4
8413|4
8414|4
8415|3
8416|18
8417|2
8418|13
8419|122
8420|0
8421|3
8422|27
8423|2
8424|3
8425|4
8426|3
8427|9
8428|2
8429|1
8430|11
8431|4
8432|6
8433|9
8434|3
8435|256
8436|11
8437|3
8438|12
8439|433
8440|6
8441|1
8442|12
8443|20
8444|12
8445|9
8446|14
8447|10
8448|11
8449|8
8450|9
8451|361
8452|3
8453|15
8454|11
8455|42
8456|15
8457|193
8458|9
8459|2
8460|3
8461|17
8462|15
8463|250
8464|264
8465|329
8466|224
8467|143
8468|164
8469|148
8470|12
8471|166
8472|161
8473|5
8474|6
8475|12
8476|2
8477|6
8478|10
8479|6
8480|14
8481|14
8482|203
8483|4
8484|3
8485|5
8486|4
8487|26
8488|28
8489|12
8490|13
8491|25
8492|566
8493|10
8494|361
8495|405
8496|6
8497|551
8498|275
8499|3
8500|2
8501|10
8502|2
8503|13
8504|3
8505|7
8506|8
8507|14
8508|16
8509|13
8510|12
8511|13
8512|14
8513|15
8514|12
8515|13
8516|15
8517|15
8518|6
8519|3
8520|253
8521|10
8522|14
8523|18
8524|22
8525|16
8526|11
8527|14
8528|15
8529|14
8530|6
8531|15
8532|10
8533|17
8534|7
8535|12
8536|13
8537|14
8538|13
8539|10
8540|14
8541|12
8542|1
8543|10
8544|9
8545|10
8546|12
8547|373
8548|425
8549|11
8550|4
8551|12
8552|6
8553|6
8554|1
8555|6
8556|3
8557|0
8558|338
8559|13
8560|5
8561|288
8562|2
8563|12
8564|12
8565|9
8566|7
8567|20
8568|3
8569|279
8570|10
8571|10
8572|10
8573|351
8574|215
8575|5
8576|4
8577|5
8578|235
8579|232
8580|2
8581|15
8582|2
8583|3
8584|3
8585|3
8586|2
8587|3
8588|3
8589|2
8590|3
8591|9
8592|13
8593|3
8594|11
8595|20
8596|4
8597|13
8598|0
8599|8
8600|7
8601|20
8602|3
8603|1
8604|386
8605|8
8606|36
8607|55
8608|7
8609|286
8610|5
8611|10
8612|15
8613|36
8614|26
8615|17
8616|6
8617|11
8618|2
8619|12
8620|10
8621|126
8622|210
8623|149
8624|6
8625|3
8626|5
8627|8
8628|5
8629|13
8630|16
8631|11
8632|3
8633|7
8634|8
8635|12
8636|7
8637|6
8638|252
8639|478
8640|302
8641|391
8642|332
8643|396
8644|2
8645|14
8646|191
8647|3
8648|174
8649|285
8650|6
8651|7
8652|5
8653|4
8654|456
8655|9
8656|27
8657|609
8658|582
8659|0
8660|6
8661|14
8662|5
8663|7
8664|292
8665|11
8666|195
8667|4
8668|203
8669|5
8670|517
8671|258
8672|9
8673|190
8674|265
8675|365
8676|260
8677|12
8678|2
8679|2
8680|13
8681|10
8682|3
8683|9
8684|211
8685|256
8686|2
8687|177
8688|1
8689|270
8690|219
8691|222
8692|151
8693|16
8694|288
8695|0
8696|5
8697|6
8698|0
8699|1
8700|16
8701|12
8702|14
8703|163
8704|183
8705|0
8706|2
8707|0
8708|1
8709|320
8710|0
8711|0
8712|0
8713|0
8714|2
8715|0
8716|0
8717|6
8718|5
8719|0
8720|14
8721|34
8722|2
8723|22
8724|0
8725|0
8726|0
8727|94
8728|141
8729|13
8730|10
8731|16
8732|9
8733|0
8734|4
8735|5
8736|0
8737|133
8738|10
8739|0
8740|17
8741|0
8742|1
8743|4
8744|2
8745|2
8746|15
8747|6
8748|2
8749|0
8750|29
8751|100
8752|14
8753|7
8754|0
8755|0
8756|0
8757|0
8758|7
8759|2
8760|2
8761|1
8762|3
8763|8
8764|0
8765|1
8766|5
8767|1
8768|84
8769|0
8770|206
8771|1
8772|3
8773|3
8774|15
8775|38
8776|2
8777|3
8778|0
8779|18
8780|2
8781|4
8782|20
8783|22
8784|0
8785|2
8786|0
8787|0
8788|0
8789|4
8790|14
8791|0
8792|0
8793|3
8794|49
8795|53
8796|4
8797|4
8798|0
8799|1
8800|0
8801|1
8802|0
8803|6
8804|3
8805|2
8806|4
8807|21
8808|4
8809|1
8810|4
8811|1
8812|2
8813|4
8814|0
8815|129
8816|17
8817|91
8818|4
8819|8
8820|105
8821|9
8822|11
8823|15
8824|11
8825|18
8826|21
8827|4
8828|2
8829|9
8830|14
8831|13
8832|4
8833|0
8834|1
8835|0
8836|1
8837|0
8838|0
8839|0
8840|1
8841|1
8842|0
8843|0
8844|2
8845|5
8846|0
8847|0
8848|0
8849|0
8850|10
8851|52
8852|15
8853|11
8854|24
8855|8
8856|122
8857|0
8858|2
8859|0
8860|0
8861|0
8862|6
8863|16
8864|2
8865|0
8866|1
8867|15
8868|123
8869|33
8870|22
8871|4
8872|1
8873|16
8874|0
8875|6
8876|5
8877|55
8878|35
8879|38
8880|17
8881|4
8882|37
8883|0
8884|3
8885|2
8886|2
8887|1
8888|3
8889|0
8890|2
8891|34
8892|171
8893|15
8894|8
8895|1
8896|0
8897|3
8898|1
8899|0
8900|3
8901|18
8902|3
8903|1
8904|4
8905|3
8906|1
8907|2
8908|1
8909|19
8910|11
8911|5
8912|1
8913|0
8914|3
8915|2
8916|1
8917|4
8918|4
8919|1
8920|5
8921|3
8922|3
8923|3
8924|6
8925|158
8926|3
8927|15
8928|4
8929|7
8930|27
8931|11
8932|19
8933|20
8934|5
8935|20
8936|7
8937|0
8938|0
8939|0
8940|18
8941|0
8942|1
8943|0
8944|0
8945|0
8946|0
8947|1
8948|3
8949|0
8950|1
8951|0
8952|0
8953|0
8954|0
8955|0
8956|1
8957|1
8958|4
8959|0
8960|1
8961|3
8962|3
8963|1
8964|8
8965|60
8966|140
8967|5
8968|6
8969|1
8970|1
8971|2
8972|1
8973|0
8974|1
8975|38
8976|19
8977|24
8978|0
8979|24
8980|42
8981|0
8982|10
8983|34
8984|0
8985|46
8986|1
8987|13
8988|2
8989|20
8990|4
8991|14
8992|15
8993|67
8994|3
8995|0
8996|79
8997|53
8998|52
8999|6
9000|1
9001|1
9002|1
9003|14
9004|2
9005|89
9006|10
9007|1
9008|0
9009|2
9010|10
9011|13
9012|5
9013|5
9014|13
9015|2
9016|3
9017|4
9018|103
9019|123
9020|82
9021|11
9022|0
9023|0
9024|0
9025|6
9026|24
9027|1
9028|3
9029|2
9030|31
9031|3
9032|0
9033|0
9034|6
9035|6
9036|5
9037|0
9038|3
9039|0
9040|6
9041|2
9042|4
9043|6
9044|0
9045|4
9046|1
9047|1
9048|17
9049|35
9050|5
9051|2
9052|5
9053|4
9054|1
9055|0
9056|0
9057|1
9058|2
9059|2
9060|2
9061|2
9062|6
9063|3
9064|3
9065|4
9066|4
9067|3
9068|3
9069|6
9070|23
9071|4
9072|35
9073|0
9074|3
9075|7
9076|2
9077|1
9078|1
9079|5
9080|8
9081|3
9082|1
9083|3
9084|1
9085|7
9086|7
9087|8
9088|58
9089|6
9090|30
9091|15
9092|13
9093|0
9094|1
9095|33
9096|1
9097|0
9098|3
9099|4
9100|2
9101|1
9102|2
9103|1
9104|4
9105|2
9106|2
9107|0
9108|15
9109|12
9110|20
9111|6
9112|0
9113|0
9114|2
9115|0
9116|0
9117|0
9118|0
9119|2
9120|4
9121|0
9122|1
9123|0
9124|0
9125|2
9126|0
9127|1
9128|56
9129|14
9130|1
9131|1
9132|31
9133|0
9134|3
9135|1
9136|5
9137|3
9138|6
9139|3
9140|58
9141|2
9142|0
9143|5
9144|4
9145|3
9146|1
9147|26
9148|0
9149|20
9150|2
9151|2
9152|2
9153|1
9154|3
9155|1
9156|0
9157|5
9158|9
9159|1
9160|19
9161|25
9162|4
9163|3
9164|2
9165|2
9166|192
9167|12
9168|10
9169|0
9170|0
9171|0
9172|0
9173|0
9174|4
9175|0
9176|2
9177|2
9178|4
9179|81
9180|0
9181|1
9182|1
9183|1
9184|1
9185|1
9186|1
9187|3
9188|0
9189|0
9190|1
9191|0
9192|1
9193|0
9194|0
9195|3
9196|15
9197|5
9198|10
9199|37
9200|5
9201|5
9202|16
9203|11
9204|21
9205|18
9206|11
9207|6
9208|13
9209|6
9210|4
9211|9
9212|1
9213|5
9214|10
9215|0
9216|4
9217|5
9218|0
9219|6
9220|4
9221|7
9222|3
9223|6
9224|1
9225|1
9226|1
9227|1
9228|1
9229|23
9230|24
9231|9
9232|9
9233|5
9234|21
9235|3
9236|26
9237|22
9238|1
9239|9
9240|3
9241|1
9242|4
9243|4
9244|2
9245|3
9246|2
9247|5
9248|0
9249|2
9250|2
9251|1
9252|2
9253|7
9254|27
9255|28
9256|2
9257|1
9258|20
9259|5
9260|6
9261|3
9262|177
9263|2
9264|3
9265|21
9266|177
9267|19
9268|9
9269|7
9270|19
9271|16
9272|17
9273|14
9274|14
9275|11
9276|16
9277|4
9278|2
9279|2
9280|0
9281|1
9282|2
9283|4
9284|3
9285|0
9286|1
9287|4
9288|0
9289|2
9290|0
9291|0
9292|0
9293|0
9294|1
9295|0
9296|85
9297|43
9298|9
9299|9
9300|6
9301|0
9302|7
9303|23
9304|0
9305|2
9306|1
9307|0
9308|1
9309|1
9310|1
9311|33
9312|1
9313|31
9314|1
9315|2
9316|42
9317|1
9318|47
9319|1
9320|36
9321|2
9322|24
9323|25
9324|1
9325|0
9326|1
9327|49
9328|1
9329|1
9330|1
9331|0
9332|3
9333|16
9334|2
9335|69
9336|3
9337|1
9338|43
9339|10
9340|16
9341|35
9342|121
9343|12
9344|89
9345|7
9346|16
9347|6
9348|6
9349|92
9350|3
9351|155
9352|3
9353|2
9354|15
9355|4
9356|3
9357|3
9358|1
9359|14
9360|4
9361|0
9362|2
9363|0
9364|3
9365|0
9366|1
9367|2
9368|2
9369|2
9370|1
9371|178
9372|2
9373|16
9374|2
9375|1
9376|3
9377|1
9378|4
9379|0
9380|41
9381|80
9382|2
9383|2
9384|1
9385|4
9386|4
9387|4
9388|39
9389|2
9390|0
9391|5
9392|2
9393|3
9394|2
9395|2
9396|5
9397|4
9398|4
9399|5
9400|3
9401|3
9402|3
9403|46
9404|5
9405|6
9406|0
9407|2
9408|2
9409|2
9410|1
9411|96
9412|2
9413|1
9414|2
9415|3
9416|1
9417|1
9418|0
9419|2
9420|4
9421|2
9422|4
9423|42
9424|2
9425|0
9426|1
9427|0
9428|1
9429|43
9430|2
9431|4
9432|2
9433|4
9434|4
9435|49
9436|4
9437|1
9438|55
9439|2
9440|2
9441|1
9442|2
9443|1
9444|0
9445|2
9446|1
9447|42
9448|44
9449|2
9450|3
9451|79
9452|32
9453|4
9454|4
9455|3
9456|2
9457|3
9458|4
9459|2
9460|3
9461|2
9462|2
9463|3
9464|2
9465|4
9466|59
9467|56
9468|33
9469|5
9470|2
9471|2
9472|6
9473|13
9474|7
9475|1
9476|1
9477|2
9478|1
9479|5
9480|1
9481|1
9482|2
9483|3
9484|4
9485|2
9486|1
9487|3
9488|2
9489|5
9490|1
9491|2
9492|2
9493|2
9494|2
9495|0
9496|1
9497|0
9498|4
9499|0
9500|6
9501|18
9502|2
9503|3
9504|74
9505|71
9506|2
9507|5
9508|1
9509|7
9510|4
9511|4
9512|1
9513|4
9514|12
9515|6
9516|15
9517|4
9518|0
9519|1
9520|0
9521|0
9522|1
9523|2
9524|3
9525|6
9526|12
9527|0
9528|0
9529|1
9530|1
9531|0
9532|0
9533|1
9534|0
9535|0
9536|1
9537|3
9538|4
9539|2
9540|1
9541|7
9542|4
9543|4
9544|0
9545|0
9546|1
9547|4
9548|1
9549|4
9550|1
9551|3
9552|3
9553|1
9554|2
9555|4
9556|3
9557|0
9558|47
9559|4
9560|0
9561|3
9562|0
9563|3
9564|0
9565|0
9566|0
9567|0
9568|0
9569|1
9570|2
9571|0
9572|1
9573|4
9574|0
9575|3
9576|4
9577|1
9578|3
9579|4
9580|0
9581|2
9582|2
9583|0
9584|57
9585|45
9586|0
9587|33
9588|0
9589|3
9590|64
9591|80
9592|2
9593|61
9594|3
9595|1
9596|86
9597|106
9598|3
9599|23
9600|21
9601|1
9602|35
9603|1
9604|4
9605|4
9606|1
9607|2
9608|39
9609|3
9610|0
9611|1
9612|3
9613|4
9614|0
9615|3
9616|3
9617|0
9618|1
9619|4
9620|2
9621|1
9622|3
9623|3
9624|2
9625|2
9626|4
9627|0
9628|3
9629|4
9630|0
9631|2
9632|6
9633|5
9634|4
9635|3
9636|7
9637|4
9638|5
9639|2
9640|6
9641|58
9642|1
9643|4
9644|4
9645|4
9646|1
9647|1
9648|11
9649|3
9650|6
9651|10
9652|2
9653|1
9654|3
9655|2
9656|4
9657|3
9658|1
9659|1
9660|2
9661|3
9662|5
9663|6
9664|4
9665|3
9666|0
9667|2
9668|5
9669|4
9670|1
9671|0
9672|0
9673|2
9674|0
9675|3
9676|0
9677|2
9678|14
9679|9
9680|4
9681|115
9682|6
9683|4
9684|0
9685|3
9686|80
9687|0
9688|12
9689|2
9690|2
9691|4
9692|3
9693|11
9694|2
9695|0
9696|0
9697|0
9698|1
9699|0
9700|0
9701|0
9702|0
9703|5
9704|0
9705|1
9706|0
9707|0
9708|0
9709|10
9710|16
9711|13
9712|24
9713|5
9714|78
9715|12
9716|19
9717|5
9718|4
9719|78
9720|84
9721|9
9722|5
9723|112
9724|4
9725|5
9726|57
9727|3
9728|0
9729|4
9730|60
9731|3
9732|4
9733|5
9734|3
9735|7
9736|3
9737|2
9738|29
9739|39
9740|7
9741|13
9742|25
9743|15
9744|0
9745|2
9746|1
9747|3
9748|3
9749|3
9750|2
9751|1
9752|0
9753|0
9754|0
9755|1
9756|3
9757|45
9758|45
9759|1
9760|34
9761|3
9762|37
9763|70
9764|39
9765|6
9766|50
9767|47
9768|50
9769|59
9770|61
9771|62
9772|59
9773|57
9774|64
9775|59
9776|58
9777|62
9778|0
9779|1
9780|0
9781|1
9782|0
9783|2
9784|3
9785|1
9786|3
9787|4
9788|5
9789|1
9790|0
9791|5
9792|76
9793|78
9794|56
9795|76
9796|69
9797|60
9798|74
9799|68
9800|101
9801|89
9802|110
9803|133
9804|52
9805|79
9806|57
9807|95
9808|70
9809|75
9810|69
9811|53
9812|54
9813|80
9814|73
9815|109
9816|154
9817|119
9818|183
9819|78
9820|101
9821|89
9822|47
9823|115
9824|96
9825|68
9826|96
9827|76
9828|75
9829|1
9830|7
9831|3
9832|2
9833|118
9834|102
9835|18
9836|10
9837|21
9838|17
9839|86
9840|3
9841|12
9842|18
9843|68
9844|2
9845|51
9846|1
9847|50
9848|3
9849|2
9850|52
9851|12
9852|5
9853|5
9854|3
9855|0
9856|3
9857|3
9858|18
9859|44
9860|6
9861|10
9862|1
9863|49
9864|1
9865|12
9866|6
9867|0
9868|1
9869|4
9870|9
9871|1
9872|2
9873|0
9874|1
9875|2
9876|2
9877|1
9878|3
9879|0
9880|3
9881|3
9882|2
9883|2
9884|3
9885|1
9886|36
9887|0
9888|0
9889|10
9890|3
9891|3
9892|3
9893|3
9894|3
9895|4
9896|2
9897|3
9898|4
9899|1
9900|4
9901|3
9902|2
9903|2
9904|4
9905|3
9906|1
9907|9
9908|3
9909|2
9910|3
9911|56
9912|63
9913|0
9914|60
9915|65
9916|55
9917|57
9918|4
9919|1
9920|1
9921|2
9922|3
9923|3
9924|1
9925|4
9926|0
9927|2
9928|7
9929|2
9930|1
9931|3
9932|3
9933|2
9934|1
9935|2
9936|3
9937|0
9938|0
9939|1
9940|1
9941|2
9942|0
9943|4
9944|3
9945|2
9946|1
9947|4
9948|2
9949|1
9950|0
9951|2
9952|2
9953|1
9954|1
9955|1
9956|1
9957|2
9958|2
9959|2
9960|3
9961|4
9962|3
9963|50
9964|6
9965|5
9966|4
9967|3
9968|2
9969|0
9970|3
9971|2
9972|2
9973|3
9974|3
9975|2
9976|1
9977|3
9978|6
9979|2
9980|3
9981|1
9982|4
9983|0
9984|1
9985|1
9986|18
9987|1
9988|1
9989|5
9990|2
9991|4
9992|77
9993|2
9994|1
9995|1
9996|4
9997|497
9998|6
9999|2
10000|101
10001|0
10002|3
10003|3
10004|3
10005|17
10006|3
10007|4
10008|33
10009|0
10010|2
10011|0
10012|7
10013|38
10014|4
10015|0
10016|5
10017|4
10018|4
10019|1
10020|1
10021|1
10022|13
10023|1
10024|4
10025|15
10026|16
10027|15
10028|0
10029|2
10030|4
10031|3
10032|3
10033|2
10034|2
10035|11
10036|0
10037|0
10038|4
10039|3
10040|1
10041|12
10042|3
10043|3
10044|38
10045|0
10046|1
10047|1
10048|1
10049|4
10050|41
10051|5
10052|14
10053|44
10054|33
10055|43
10056|30
10057|4
10058|3
10059|4
10060|0
10061|0
10062|0
10063|0
10064|0
10065|3
10066|4
10067|3
10068|3
10069|6
10070|61
10071|49
10072|7
10073|6
10074|47
10075|3
10076|1
10077|2
10078|1
10079|1
10080|4
10081|0
10082|4
10083|123
10084|157
10085|182
10086|3
10087|72
10088|3
10089|4
10090|117
10091|94
10092|106
10093|2
10094|138
10095|35
10096|25
10097|1
10098|1
10099|2
10100|42
10101|2
10102|36
10103|39
10104|40
10105|1
10106|2
10107|4
10108|0
10109|1
10110|5
10111|3
10112|214
10113|60
10114|87
10115|14
10116|67
10117|14
10118|69
10119|11
10120|16
10121|6
10122|1
10123|3
10124|2
10125|4
10126|1
10127|2
10128|1
10129|2
10130|1
10131|2
10132|44
10133|2
10134|3
10135|3
10136|3
10137|2
10138|3
10139|9
10140|0
10141|3
10142|2
10143|0
10144|0
10145|8
10146|4
10147|3
10148|1
10149|1
10150|0
10151|0
10152|2
10153|4
10154|0
10155|3
10156|2
10157|2
10158|1
10159|0
10160|0
10161|2
10162|0
10163|1
10164|2
10165|4
10166|2
10167|0
10168|1
10169|0
10170|1
10171|1
10172|1
10173|2
10174|30
10175|2
10176|25
10177|27
10178|1
10179|3
10180|1
10181|1
10182|31
10183|0
10184|0
10185|0
10186|0
10187|0
10188|0
10189|0
10190|0
10191|0
10192|1
10193|0
10194|0
10195|0
10196|1
10197|0
10198|0
10199|2
10200|3
10201|1
10202|2
10203|3
10204|53
10205|0
10206|1
10207|1
10208|1
10209|3
10210|0
10211|0
10212|0
10213|0
10214|1
10215|0
10216|1
10217|0
10218|0
10219|1
10220|0
10221|1
10222|0
10223|0
10224|0
10225|0
10226|0
10227|5
10228|1
10229|1
10230|2
10231|4
10232|31
10233|65
10234|29
10235|4
10236|3
10237|57
10238|43
10239|2
10240|3
10241|2
10242|18
10243|22
10244|1
10245|1
10246|25
10247|22
10248|1
10249|27
10250|1
10251|3
10252|1
10253|1
10254|0
10255|0
10256|1
10257|0
10258|54
10259|5
10260|13
10261|2
10262|1
10263|1
10264|3
10265|0
10266|0
10267|1
10268|33
10269|3
10270|0
10271|0
10272|0
10273|0
10274|0
10275|0
10276|0
10277|0
10278|0
10279|0
10280|2
10281|0
10282|0
10283|0
10284|11
10285|2
10286|2
10287|8
10288|3
10289|2
10290|3
10291|1
10292|5
10293|2
10294|0
10295|1
10296|62
10297|8
10298|3
10299|46
10300|4
10301|114
10302|173
10303|0
10304|0
10305|0
10306|0
10307|0
10308|1
10309|1
10310|1
10311|3
10312|29
10313|42
10314|20
10315|47
10316|51
10317|65
10318|73
10319|50
10320|4
10321|33
10322|0
10323|2
10324|1
10325|0
10326|4
10327|33
10328|2
10329|33
10330|6
10331|35
10332|46
10333|10
10334|5
10335|7
10336|31
10337|6
10338|2
10339|4
10340|1
10341|4
10342|4
10343|4
10344|5
10345|3
10346|7
10347|8
10348|5
10349|7
10350|3
10351|5
10352|25
10353|5
10354|2
10355|2
10356|45
10357|25
10358|26
10359|25
10360|0
10361|27
10362|1
10363|0
10364|0
10365|0
10366|60
10367|0
10368|82
10369|35
10370|2
10371|2
10372|4
10373|3
10374|4
10375|1
10376|1
10377|4
10378|3
10379|2
10380|1
10381|2
10382|2
10383|0
10384|0
10385|22
10386|171
10387|166
10388|23
10389|134
10390|161
10391|145
10392|205
10393|3
10394|118
10395|83
10396|177
10397|134
10398|138
10399|42
10400|102
10401|1
10402|149
10403|177
10404|1
10405|118
10406|1
10407|1
10408|123
10409|0
10410|0
10411|0
10412|3
10413|55
10414|40
10415|40
10416|0
10417|44
10418|43
10419|41
10420|39
10421|42
10422|0
10423|2
10424|1
10425|4
10426|1
10427|2
10428|0
10429|0
10430|2
10431|3
10432|3
10433|3
10434|1
10435|2
10436|2
10437|2
10438|4
10439|6
10440|3
10441|1
10442|0
10443|1
10444|44
10445|27
10446|26
10447|27
10448|28
10449|5
10450|88
10451|0
10452|0
10453|0
10454|0
10455|23
10456|0
10457|21
10458|0
10459|9
10460|0
10461|0
10462|0
10463|0
